campaign_id,panel_id,job_id,run_id,policy,variant,seed,trace_hash,task_id,source_agent,arrival_slot,workload,deadline,decision_slot,selected_action,destination,completion_or_drop_slot,outcome,queue_delay,transmission_delay,service_delay,end_to_end_delay,reward,learner_owner,config_hash,source_hash,checkpoint_hash
figures-8-11-smoke,figure_9a,e741d9d9033f557fd4bb4db1e9f00529ff64a6371b56b7116fdf39c3769ec974,82dbf8f249a57a5d697ade2a55b5123e05d0582eca7240009e69db623b910fe3-0,FLC,,0,82dbf8f249a57a5d697ade2a55b5123e05d0582eca7240009e69db623b910fe3-0,1,0,0,{'task_count': 10},,0,local,self,2,completed,,,,2.0,-2.0,FLC,config,source,checkpoint
figures-8-11-smoke,figure_9a,e741d9d9033f557fd4bb4db1e9f00529ff64a6371b56b7116fdf39c3769ec974,82dbf8f249a57a5d697ade2a55b5123e05d0582eca7240009e69db623b910fe3-0,FLC,,0,82dbf8f249a57a5d697ade2a55b5123e05d0582eca7240009e69db623b910fe3-0,2,0,0,{'task_count': 10},,0,local,self,1,completed,,,,1.0,-1.0,FLC,config,source,checkpoint
figures-8-11-smoke,figure_9a,e741d9d9033f557fd4bb4db1e9f00529ff64a6371b56b7116fdf39c3769ec974,82dbf8f249a57a5d697ade2a55b5123e05d0582eca7240009e69db623b910fe3-0,FLC,,0,82dbf8f249a57a5d697ade2a55b5123e05d0582eca7240009e69db623b910fe3-0,3,0,0,{'task_count': 10},,0,local,self,2,completed,,,,2.0,-2.0,FLC,config,source,checkpoint
figures-8-11-smoke,figure_9a,e741d9d9033f557fd4bb4db1e9f00529ff64a6371b56b7116fdf39c3769ec974,82dbf8f249a57a5d697ade2a55b5123e05d0582eca7240009e69db623b910fe3-0,FLC,,0,82dbf8f249a57a5d697ade2a55b5123e05d0582eca7240009e69db623b910fe3-0,4,0,0,{'task_count': 10},,0,local,self,2,completed,,,,2.0,-2.0,FLC,config,source,checkpoint
figures-8-11-smoke,figure_9a,e741d9d9033f557fd4bb4db1e9f00529ff64a6371b56b7116fdf39c3769ec974,82dbf8f249a57a5d697ade2a55b5123e05d0582eca7240009e69db623b910fe3-0,FLC,,0,82dbf8f249a57a5d697ade2a55b5123e05d0582eca7240009e69db623b910fe3-0,5,0,0,{'task_count': 10},,0,local,self,1,completed,,,,1.0,-1.0,FLC,config,source,checkpoint
figures-8-11-smoke,figure_9a,e741d9d9033f557fd4bb4db1e9f00529ff64a6371b56b7116fdf39c3769ec974,82dbf8f249a57a5d697ade2a55b5123e05d0582eca7240009e69db623b910fe3-0,FLC,,0,82dbf8f249a57a5d697ade2a55b5123e05d0582eca7240009e69db623b910fe3-0,6,0,0,{'task_count': 10},,0,local,self,1,completed,,,,1.0,-1.0,FLC,config,source,checkpoint
figures-8-11-smoke,figure_9a,e741d9d9033f557fd4bb4db1e9f00529ff64a6371b56b7116fdf39c3769ec974,82dbf8f249a57a5d697ade2a55b5123e05d0582eca7240009e69db623b910fe3-0,FLC,,0,82dbf8f249a57a5d697ade2a55b5123e05d0582eca7240009e69db623b910fe3-0,7,0,0,{'task_count': 10},,0,local,self,2,completed,,,,2.0,-2.0,FLC,config,source,checkpoint
figures-8-11-smoke,figure_9a,e741d9d9033f557fd4bb4db1e9f00529ff64a6371b56b7116fdf39c3769ec974,82dbf8f249a57a5d697ade2a55b5123e05d0582eca7240009e69db623b910fe3-0,FLC,,0,82dbf8f249a57a5d697ade2a55b5123e05d0582eca7240009e69db623b910fe3-0,8,0,0,{'task_count': 10},,0,local,self,1,completed,,,,1.0,-1.0,FLC,config,source,checkpoint
figures-8-11-smoke,figure_9a,e741d9d9033f557fd4bb4db1e9f00529ff64a6371b56b7116fdf39c3769ec974,82dbf8f249a57a5d697ade2a55b5123e05d0582eca7240009e69db623b910fe3-0,FLC,,0,82dbf8f249a57a5d697ade2a55b5123e05d0582eca7240009e69db623b910fe3-0,9,0,0,{'task_count': 10},,0,local,self,2,completed,,,,2.0,-2.0,FLC,config,source,checkpoint
figures-8-11-smoke,figure_9a,e741d9d9033f557fd4bb4db1e9f00529ff64a6371b56b7116fdf39c3769ec974,82dbf8f249a57a5d697ade2a55b5123e05d0582eca7240009e69db623b910fe3-0,FLC,,0,82dbf8f249a57a5d697ade2a55b5123e05d0582eca7240009e69db623b910fe3-0,10,0,0,{'task_count': 10},,0,local,self,2,completed,,,,2.0,-2.0,FLC,config,source,checkpoint
figures-8-11-smoke,figure_9a,e741d9d9033f557fd4bb4db1e9f00529ff64a6371b56b7116fdf39c3769ec974,82dbf8f249a57a5d697ade2a55b5123e05d0582eca7240009e69db623b910fe3-0,FLC,,0,82dbf8f249a57a5d697ade2a55b5123e05d0582eca7240009e69db623b910fe3-0,11,0,0,{'task_count': 10},,0,local,self,2,completed,,,,2.0,-2.0,FLC,config,source,checkpoint
figures-8-11-smoke,figure_9a,e741d9d9033f557fd4bb4db1e9f00529ff64a6371b56b7116fdf39c3769ec974,82dbf8f249a57a5d697ade2a55b5123e05d0582eca7240009e69db623b910fe3-0,FLC,,0,82dbf8f249a57a5d697ade2a55b5123e05d0582eca7240009e69db623b910fe3-0,12,0,0,{'task_count': 10},,0,local,self,2,completed,,,,2.0,-2.0,FLC,config,source,checkpoint
figures-8-11-smoke,figure_9a,e741d9d9033f557fd4bb4db1e9f00529ff64a6371b56b7116fdf39c3769ec974,82dbf8f249a57a5d697ade2a55b5123e05d0582eca7240009e69db623b910fe3-0,FLC,,0,82dbf8f249a57a5d697ade2a55b5123e05d0582eca7240009e69db623b910fe3-0,13,0,0,{'task_count': 10},,0,local,self,2,completed,,,,2.0,-2.0,FLC,config,source,checkpoint
figures-8-11-smoke,figure_9a,e741d9d9033f557fd4bb4db1e9f00529ff64a6371b56b7116fdf39c3769ec974,82dbf8f249a57a5d697ade2a55b5123e05d0582eca7240009e69db623b910fe3-0,FLC,,0,82dbf8f249a57a5d697ade2a55b5123e05d0582eca7240009e69db623b910fe3-0,14,0,0,{'task_count': 10},,0,local,self,1,completed,,,,1.0,-1.0,FLC,config,source,checkpoint
figures-8-11-smoke,figure_9a,e741d9d9033f557fd4bb4db1e9f00529ff64a6371b56b7116fdf39c3769ec974,82dbf8f249a57a5d697ade2a55b5123e05d0582eca7240009e69db623b910fe3-0,FLC,,0,82dbf8f249a57a5d697ade2a55b5123e05d0582eca7240009e69db623b910fe3-0,15,0,0,{'task_count': 10},,0,local,self,2,completed,,,,2.0,-2.0,FLC,config,source,checkpoint
figures-8-11-smoke,figure_9a,e741d9d9033f557fd4bb4db1e9f00529ff64a6371b56b7116fdf39c3769ec974,82dbf8f249a57a5d697ade2a55b5123e05d0582eca7240009e69db623b910fe3-0,FLC,,0,82dbf8f249a57a5d697ade2a55b5123e05d0582eca7240009e69db623b910fe3-0,16,0,0,{'task_count': 10},,0,local,self,1,completed,,,,1.0,-1.0,FLC,config,source,checkpoint
figures-8-11-smoke,figure_9a,e741d9d9033f557fd4bb4db1e9f00529ff64a6371b56b7116fdf39c3769ec974,82dbf8f249a57a5d697ade2a55b5123e05d0582eca7240009e69db623b910fe3-0,FLC,,0,82dbf8f249a57a5d697ade2a55b5123e05d0582eca7240009e69db623b910fe3-0,17,0,0,{'task_count': 10},,0,local,self,1,completed,,,,1.0,-1.0,FLC,config,source,checkpoint
figures-8-11-smoke,figure_9a,e741d9d9033f557fd4bb4db1e9f00529ff64a6371b56b7116fdf39c3769ec974,82dbf8f249a57a5d697ade2a55b5123e05d0582eca7240009e69db623b910fe3-0,FLC,,0,82dbf8f249a57a5d697ade2a55b5123e05d0582eca7240009e69db623b910fe3-0,18,0,0,{'task_count': 10},,0,local,self,1,completed,,,,1.0,-1.0,FLC,config,source,checkpoint
figures-8-11-smoke,figure_9a,e741d9d9033f557fd4bb4db1e9f00529ff64a6371b56b7116fdf39c3769ec974,82dbf8f249a57a5d697ade2a55b5123e05d0582eca7240009e69db623b910fe3-0,FLC,,0,82dbf8f249a57a5d697ade2a55b5123e05d0582eca7240009e69db623b910fe3-0,19,0,0,{'task_count': 10},,0,local,self,2,completed,,,,2.0,-2.0,FLC,config,source,checkpoint
figures-8-11-smoke,figure_9a,e741d9d9033f557fd4bb4db1e9f00529ff64a6371b56b7116fdf39c3769ec974,82dbf8f249a57a5d697ade2a55b5123e05d0582eca7240009e69db623b910fe3-0,FLC,,0,82dbf8f249a57a5d697ade2a55b5123e05d0582eca7240009e69db623b910fe3-0,20,0,0,{'task_count': 10},,0,local,self,2,completed,,,,2.0,-2.0,FLC,config,source,checkpoint
figures-8-11-smoke,figure_9a,e741d9d9033f557fd4bb4db1e9f00529ff64a6371b56b7116fdf39c3769ec974,82dbf8f249a57a5d697ade2a55b5123e05d0582eca7240009e69db623b910fe3-0,FLC,,0,82dbf8f249a57a5d697ade2a55b5123e05d0582eca7240009e69db623b910fe3-0,21,1,1,{'task_count': 10},,1,local,self,5,completed,,,,4.0,-4.0,FLC,config,source,checkpoint
figures-8-11-smoke,figure_9a,e741d9d9033f557fd4bb4db1e9f00529ff64a6371b56b7116fdf39c3769ec974,82dbf8f249a57a5d697ade2a55b5123e05d0582eca7240009e69db623b910fe3-0,FLC,,0,82dbf8f249a57a5d697ade2a55b5123e05d0582eca7240009e69db623b910fe3-0,22,1,1,{'task_count': 10},,1,local,self,3,completed,,,,2.0,-2.0,FLC,config,source,checkpoint
figures-8-11-smoke,figure_9a,e741d9d9033f557fd4bb4db1e9f00529ff64a6371b56b7116fdf39c3769ec974,82dbf8f249a57a5d697ade2a55b5123e05d0582eca7240009e69db623b910fe3-0,FLC,,0,82dbf8f249a57a5d697ade2a55b5123e05d0582eca7240009e69db623b910fe3-0,23,1,1,{'task_count': 10},,1,local,self,5,completed,,,,4.0,-4.0,FLC,config,source,checkpoint
figures-8-11-smoke,figure_9a,e741d9d9033f557fd4bb4db1e9f00529ff64a6371b56b7116fdf39c3769ec974,82dbf8f249a57a5d697ade2a55b5123e05d0582eca7240009e69db623b910fe3-0,FLC,,0,82dbf8f249a57a5d697ade2a55b5123e05d0582eca7240009e69db623b910fe3-0,24,1,1,{'task_count': 10},,1,local,self,4,completed,,,,3.0,-3.0,FLC,config,source,checkpoint
figures-8-11-smoke,figure_9a,e741d9d9033f557fd4bb4db1e9f00529ff64a6371b56b7116fdf39c3769ec974,82dbf8f249a57a5d697ade2a55b5123e05d0582eca7240009e69db623b910fe3-0,FLC,,0,82dbf8f249a57a5d697ade2a55b5123e05d0582eca7240009e69db623b910fe3-0,25,1,1,{'task_count': 10},,1,local,self,3,completed,,,,2.0,-2.0,FLC,config,source,checkpoint
figures-8-11-smoke,figure_9a,e741d9d9033f557fd4bb4db1e9f00529ff64a6371b56b7116fdf39c3769ec974,82dbf8f249a57a5d697ade2a55b5123e05d0582eca7240009e69db623b910fe3-0,FLC,,0,82dbf8f249a57a5d697ade2a55b5123e05d0582eca7240009e69db623b910fe3-0,26,1,1,{'task_count': 10},,1,local,self,4,completed,,,,3.0,-3.0,FLC,config,source,checkpoint
figures-8-11-smoke,figure_9a,e741d9d9033f557fd4bb4db1e9f00529ff64a6371b56b7116fdf39c3769ec974,82dbf8f249a57a5d697ade2a55b5123e05d0582eca7240009e69db623b910fe3-0,FLC,,0,82dbf8f249a57a5d697ade2a55b5123e05d0582eca7240009e69db623b910fe3-0,27,1,1,{'task_count': 10},,1,local,self,4,completed,,,,3.0,-3.0,FLC,config,source,checkpoint
figures-8-11-smoke,figure_9a,e741d9d9033f557fd4bb4db1e9f00529ff64a6371b56b7116fdf39c3769ec974,82dbf8f249a57a5d697ade2a55b5123e05d0582eca7240009e69db623b910fe3-0,FLC,,0,82dbf8f249a57a5d697ade2a55b5123e05d0582eca7240009e69db623b910fe3-0,28,1,1,{'task_count': 10},,1,local,self,4,completed,,,,3.0,-3.0,FLC,config,source,checkpoint
figures-8-11-smoke,figure_9a,e741d9d9033f557fd4bb4db1e9f00529ff64a6371b56b7116fdf39c3769ec974,82dbf8f249a57a5d697ade2a55b5123e05d0582eca7240009e69db623b910fe3-0,FLC,,0,82dbf8f249a57a5d697ade2a55b5123e05d0582eca7240009e69db623b910fe3-0,29,1,1,{'task_count': 10},,1,local,self,4,completed,,,,3.0,-3.0,FLC,config,source,checkpoint
figures-8-11-smoke,figure_9a,e741d9d9033f557fd4bb4db1e9f00529ff64a6371b56b7116fdf39c3769ec974,82dbf8f249a57a5d697ade2a55b5123e05d0582eca7240009e69db623b910fe3-0,FLC,,0,82dbf8f249a57a5d697ade2a55b5123e05d0582eca7240009e69db623b910fe3-0,30,1,1,{'task_count': 10},,1,local,self,5,completed,,,,4.0,-4.0,FLC,config,source,checkpoint
figures-8-11-smoke,figure_9a,e741d9d9033f557fd4bb4db1e9f00529ff64a6371b56b7116fdf39c3769ec974,82dbf8f249a57a5d697ade2a55b5123e05d0582eca7240009e69db623b910fe3-0,FLC,,0,82dbf8f249a57a5d697ade2a55b5123e05d0582eca7240009e69db623b910fe3-0,31,1,1,{'task_count': 10},,1,local,self,4,completed,,,,3.0,-3.0,FLC,config,source,checkpoint
figures-8-11-smoke,figure_9a,e741d9d9033f557fd4bb4db1e9f00529ff64a6371b56b7116fdf39c3769ec974,82dbf8f249a57a5d697ade2a55b5123e05d0582eca7240009e69db623b910fe3-0,FLC,,0,82dbf8f249a57a5d697ade2a55b5123e05d0582eca7240009e69db623b910fe3-0,32,1,1,{'task_count': 10},,1,local,self,4,completed,,,,3.0,-3.0,FLC,config,source,checkpoint
figures-8-11-smoke,figure_9a,e741d9d9033f557fd4bb4db1e9f00529ff64a6371b56b7116fdf39c3769ec974,82dbf8f249a57a5d697ade2a55b5123e05d0582eca7240009e69db623b910fe3-0,FLC,,0,82dbf8f249a57a5d697ade2a55b5123e05d0582eca7240009e69db623b910fe3-0,33,1,1,{'task_count': 10},,1,local,self,5,completed,,,,4.0,-4.0,FLC,config,source,checkpoint
figures-8-11-smoke,figure_9a,e741d9d9033f557fd4bb4db1e9f00529ff64a6371b56b7116fdf39c3769ec974,82dbf8f249a57a5d697ade2a55b5123e05d0582eca7240009e69db623b910fe3-0,FLC,,0,82dbf8f249a57a5d697ade2a55b5123e05d0582eca7240009e69db623b910fe3-0,34,1,1,{'task_count': 10},,1,local,self,4,completed,,,,3.0,-3.0,FLC,config,source,checkpoint
figures-8-11-smoke,figure_9a,e741d9d9033f557fd4bb4db1e9f00529ff64a6371b56b7116fdf39c3769ec974,82dbf8f249a57a5d697ade2a55b5123e05d0582eca7240009e69db623b910fe3-0,FLC,,0,82dbf8f249a57a5d697ade2a55b5123e05d0582eca7240009e69db623b910fe3-0,35,1,1,{'task_count': 10},,1,local,self,4,completed,,,,3.0,-3.0,FLC,config,source,checkpoint
figures-8-11-smoke,figure_9a,e741d9d9033f557fd4bb4db1e9f00529ff64a6371b56b7116fdf39c3769ec974,82dbf8f249a57a5d697ade2a55b5123e05d0582eca7240009e69db623b910fe3-0,FLC,,0,82dbf8f249a57a5d697ade2a55b5123e05d0582eca7240009e69db623b910fe3-0,36,1,1,{'task_count': 10},,1,local,self,4,completed,,,,3.0,-3.0,FLC,config,source,checkpoint
figures-8-11-smoke,figure_9a,e741d9d9033f557fd4bb4db1e9f00529ff64a6371b56b7116fdf39c3769ec974,82dbf8f249a57a5d697ade2a55b5123e05d0582eca7240009e69db623b910fe3-0,FLC,,0,82dbf8f249a57a5d697ade2a55b5123e05d0582eca7240009e69db623b910fe3-0,37,1,1,{'task_count': 10},,1,local,self,4,completed,,,,3.0,-3.0,FLC,config,source,checkpoint
figures-8-11-smoke,figure_9a,e741d9d9033f557fd4bb4db1e9f00529ff64a6371b56b7116fdf39c3769ec974,82dbf8f249a57a5d697ade2a55b5123e05d0582eca7240009e69db623b910fe3-0,FLC,,0,82dbf8f249a57a5d697ade2a55b5123e05d0582eca7240009e69db623b910fe3-0,38,1,1,{'task_count': 10},,1,local,self,3,completed,,,,2.0,-2.0,FLC,config,source,checkpoint
figures-8-11-smoke,figure_9a,e741d9d9033f557fd4bb4db1e9f00529ff64a6371b56b7116fdf39c3769ec974,82dbf8f249a57a5d697ade2a55b5123e05d0582eca7240009e69db623b910fe3-0,FLC,,0,82dbf8f249a57a5d697ade2a55b5123e05d0582eca7240009e69db623b910fe3-0,39,1,1,{'task_count': 10},,1,local,self,5,completed,,,,4.0,-4.0,FLC,config,source,checkpoint
figures-8-11-smoke,figure_9a,e741d9d9033f557fd4bb4db1e9f00529ff64a6371b56b7116fdf39c3769ec974,82dbf8f249a57a5d697ade2a55b5123e05d0582eca7240009e69db623b910fe3-0,FLC,,0,82dbf8f249a57a5d697ade2a55b5123e05d0582eca7240009e69db623b910fe3-0,40,1,1,{'task_count': 10},,1,local,self,4,completed,,,,3.0,-3.0,FLC,config,source,checkpoint
figures-8-11-smoke,figure_9a,e741d9d9033f557fd4bb4db1e9f00529ff64a6371b56b7116fdf39c3769ec974,82dbf8f249a57a5d697ade2a55b5123e05d0582eca7240009e69db623b910fe3-0,FLC,,0,82dbf8f249a57a5d697ade2a55b5123e05d0582eca7240009e69db623b910fe3-0,41,2,2,{'task_count': 10},,2,local,self,7,dropped,,,,,0.0,FLC,config,source,checkpoint
figures-8-11-smoke,figure_9a,e741d9d9033f557fd4bb4db1e9f00529ff64a6371b56b7116fdf39c3769ec974,82dbf8f249a57a5d697ade2a55b5123e05d0582eca7240009e69db623b910fe3-0,FLC,,0,82dbf8f249a57a5d697ade2a55b5123e05d0582eca7240009e69db623b910fe3-0,42,2,2,{'task_count': 10},,2,local,self,6,completed,,,,4.0,-4.0,FLC,config,source,checkpoint
figures-8-11-smoke,figure_9a,e741d9d9033f557fd4bb4db1e9f00529ff64a6371b56b7116fdf39c3769ec974,82dbf8f249a57a5d697ade2a55b5123e05d0582eca7240009e69db623b910fe3-0,FLC,,0,82dbf8f249a57a5d697ade2a55b5123e05d0582eca7240009e69db623b910fe3-0,43,2,2,{'task_count': 10},,2,local,self,7,dropped,,,,,0.0,FLC,config,source,checkpoint
figures-8-11-smoke,figure_9a,e741d9d9033f557fd4bb4db1e9f00529ff64a6371b56b7116fdf39c3769ec974,82dbf8f249a57a5d697ade2a55b5123e05d0582eca7240009e69db623b910fe3-0,FLC,,0,82dbf8f249a57a5d697ade2a55b5123e05d0582eca7240009e69db623b910fe3-0,44,2,2,{'task_count': 10},,2,local,self,6,completed,,,,4.0,-4.0,FLC,config,source,checkpoint
figures-8-11-smoke,figure_9a,e741d9d9033f557fd4bb4db1e9f00529ff64a6371b56b7116fdf39c3769ec974,82dbf8f249a57a5d697ade2a55b5123e05d0582eca7240009e69db623b910fe3-0,FLC,,0,82dbf8f249a57a5d697ade2a55b5123e05d0582eca7240009e69db623b910fe3-0,45,2,2,{'task_count': 10},,2,local,self,5,completed,,,,3.0,-3.0,FLC,config,source,checkpoint
figures-8-11-smoke,figure_9a,e741d9d9033f557fd4bb4db1e9f00529ff64a6371b56b7116fdf39c3769ec974,82dbf8f249a57a5d697ade2a55b5123e05d0582eca7240009e69db623b910fe3-0,FLC,,0,82dbf8f249a57a5d697ade2a55b5123e05d0582eca7240009e69db623b910fe3-0,46,2,2,{'task_count': 10},,2,local,self,6,completed,,,,4.0,-4.0,FLC,config,source,checkpoint
figures-8-11-smoke,figure_9a,e741d9d9033f557fd4bb4db1e9f00529ff64a6371b56b7116fdf39c3769ec974,82dbf8f249a57a5d697ade2a55b5123e05d0582eca7240009e69db623b910fe3-0,FLC,,0,82dbf8f249a57a5d697ade2a55b5123e05d0582eca7240009e69db623b910fe3-0,47,2,2,{'task_count': 10},,2,local,self,6,completed,,,,4.0,-4.0,FLC,config,source,checkpoint
figures-8-11-smoke,figure_9a,e741d9d9033f557fd4bb4db1e9f00529ff64a6371b56b7116fdf39c3769ec974,82dbf8f249a57a5d697ade2a55b5123e05d0582eca7240009e69db623b910fe3-0,FLC,,0,82dbf8f249a57a5d697ade2a55b5123e05d0582eca7240009e69db623b910fe3-0,48,2,2,{'task_count': 10},,2,local,self,6,completed,,,,4.0,-4.0,FLC,config,source,checkpoint
figures-8-11-smoke,figure_9a,e741d9d9033f557fd4bb4db1e9f00529ff64a6371b56b7116fdf39c3769ec974,82dbf8f249a57a5d697ade2a55b5123e05d0582eca7240009e69db623b910fe3-0,FLC,,0,82dbf8f249a57a5d697ade2a55b5123e05d0582eca7240009e69db623b910fe3-0,49,2,2,{'task_count': 10},,2,local,self,7,completed,,,,5.0,-5.0,FLC,config,source,checkpoint
figures-8-11-smoke,figure_9a,e741d9d9033f557fd4bb4db1e9f00529ff64a6371b56b7116fdf39c3769ec974,82dbf8f249a57a5d697ade2a55b5123e05d0582eca7240009e69db623b910fe3-0,FLC,,0,82dbf8f249a57a5d697ade2a55b5123e05d0582eca7240009e69db623b910fe3-0,50,2,2,{'task_count': 10},,2,local,self,7,completed,,,,5.0,-5.0,FLC,config,source,checkpoint
figures-8-11-smoke,figure_9a,e741d9d9033f557fd4bb4db1e9f00529ff64a6371b56b7116fdf39c3769ec974,82dbf8f249a57a5d697ade2a55b5123e05d0582eca7240009e69db623b910fe3-0,FLC,,0,82dbf8f249a57a5d697ade2a55b5123e05d0582eca7240009e69db623b910fe3-0,51,2,2,{'task_count': 10},,2,local,self,7,completed,,,,5.0,-5.0,FLC,config,source,checkpoint
figures-8-11-smoke,figure_9a,e741d9d9033f557fd4bb4db1e9f00529ff64a6371b56b7116fdf39c3769ec974,82dbf8f249a57a5d697ade2a55b5123e05d0582eca7240009e69db623b910fe3-0,FLC,,0,82dbf8f249a57a5d697ade2a55b5123e05d0582eca7240009e69db623b910fe3-0,52,2,2,{'task_count': 10},,2,local,self,6,completed,,,,4.0,-4.0,FLC,config,source,checkpoint
figures-8-11-smoke,figure_9a,e741d9d9033f557fd4bb4db1e9f00529ff64a6371b56b7116fdf39c3769ec974,82dbf8f249a57a5d697ade2a55b5123e05d0582eca7240009e69db623b910fe3-0,FLC,,0,82dbf8f249a57a5d697ade2a55b5123e05d0582eca7240009e69db623b910fe3-0,53,2,2,{'task_count': 10},,2,local,self,7,dropped,,,,,0.0,FLC,config,source,checkpoint
figures-8-11-smoke,figure_9a,e741d9d9033f557fd4bb4db1e9f00529ff64a6371b56b7116fdf39c3769ec974,82dbf8f249a57a5d697ade2a55b5123e05d0582eca7240009e69db623b910fe3-0,FLC,,0,82dbf8f249a57a5d697ade2a55b5123e05d0582eca7240009e69db623b910fe3-0,54,2,2,{'task_count': 10},,2,local,self,7,completed,,,,5.0,-5.0,FLC,config,source,checkpoint
figures-8-11-smoke,figure_9a,e741d9d9033f557fd4bb4db1e9f00529ff64a6371b56b7116fdf39c3769ec974,82dbf8f249a57a5d697ade2a55b5123e05d0582eca7240009e69db623b910fe3-0,FLC,,0,82dbf8f249a57a5d697ade2a55b5123e05d0582eca7240009e69db623b910fe3-0,55,2,2,{'task_count': 10},,2,local,self,7,completed,,,,5.0,-5.0,FLC,config,source,checkpoint
figures-8-11-smoke,figure_9a,e741d9d9033f557fd4bb4db1e9f00529ff64a6371b56b7116fdf39c3769ec974,82dbf8f249a57a5d697ade2a55b5123e05d0582eca7240009e69db623b910fe3-0,FLC,,0,82dbf8f249a57a5d697ade2a55b5123e05d0582eca7240009e69db623b910fe3-0,56,2,2,{'task_count': 10},,2,local,self,7,completed,,,,5.0,-5.0,FLC,config,source,checkpoint
figures-8-11-smoke,figure_9a,e741d9d9033f557fd4bb4db1e9f00529ff64a6371b56b7116fdf39c3769ec974,82dbf8f249a57a5d697ade2a55b5123e05d0582eca7240009e69db623b910fe3-0,FLC,,0,82dbf8f249a57a5d697ade2a55b5123e05d0582eca7240009e69db623b910fe3-0,57,2,2,{'task_count': 10},,2,local,self,6,completed,,,,4.0,-4.0,FLC,config,source,checkpoint
figures-8-11-smoke,figure_9a,e741d9d9033f557fd4bb4db1e9f00529ff64a6371b56b7116fdf39c3769ec974,82dbf8f249a57a5d697ade2a55b5123e05d0582eca7240009e69db623b910fe3-0,FLC,,0,82dbf8f249a57a5d697ade2a55b5123e05d0582eca7240009e69db623b910fe3-0,58,2,2,{'task_count': 10},,2,local,self,5,completed,,,,3.0,-3.0,FLC,config,source,checkpoint
figures-8-11-smoke,figure_9a,e741d9d9033f557fd4bb4db1e9f00529ff64a6371b56b7116fdf39c3769ec974,82dbf8f249a57a5d697ade2a55b5123e05d0582eca7240009e69db623b910fe3-0,FLC,,0,82dbf8f249a57a5d697ade2a55b5123e05d0582eca7240009e69db623b910fe3-0,59,2,2,{'task_count': 10},,2,local,self,7,dropped,,,,,0.0,FLC,config,source,checkpoint
figures-8-11-smoke,figure_9a,e741d9d9033f557fd4bb4db1e9f00529ff64a6371b56b7116fdf39c3769ec974,82dbf8f249a57a5d697ade2a55b5123e05d0582eca7240009e69db623b910fe3-0,FLC,,0,82dbf8f249a57a5d697ade2a55b5123e05d0582eca7240009e69db623b910fe3-0,60,2,2,{'task_count': 10},,2,local,self,7,completed,,,,5.0,-5.0,FLC,config,source,checkpoint
figures-8-11-smoke,figure_9a,e741d9d9033f557fd4bb4db1e9f00529ff64a6371b56b7116fdf39c3769ec974,82dbf8f249a57a5d697ade2a55b5123e05d0582eca7240009e69db623b910fe3-0,FLC,,0,82dbf8f249a57a5d697ade2a55b5123e05d0582eca7240009e69db623b910fe3-0,61,3,3,{'task_count': 10},,3,local,self,7,dropped,,,,,0.0,FLC,config,source,checkpoint
figures-8-11-smoke,figure_9a,e741d9d9033f557fd4bb4db1e9f00529ff64a6371b56b7116fdf39c3769ec974,82dbf8f249a57a5d697ade2a55b5123e05d0582eca7240009e69db623b910fe3-0,FLC,,0,82dbf8f249a57a5d697ade2a55b5123e05d0582eca7240009e69db623b910fe3-0,62,3,3,{'task_count': 10},,3,local,self,7,dropped,,,,,0.0,FLC,config,source,checkpoint
figures-8-11-smoke,figure_9a,e741d9d9033f557fd4bb4db1e9f00529ff64a6371b56b7116fdf39c3769ec974,82dbf8f249a57a5d697ade2a55b5123e05d0582eca7240009e69db623b910fe3-0,FLC,,0,82dbf8f249a57a5d697ade2a55b5123e05d0582eca7240009e69db623b910fe3-0,63,3,3,{'task_count': 10},,3,local,self,7,dropped,,,,,0.0,FLC,config,source,checkpoint
figures-8-11-smoke,figure_9a,e741d9d9033f557fd4bb4db1e9f00529ff64a6371b56b7116fdf39c3769ec974,82dbf8f249a57a5d697ade2a55b5123e05d0582eca7240009e69db623b910fe3-0,FLC,,0,82dbf8f249a57a5d697ade2a55b5123e05d0582eca7240009e69db623b910fe3-0,64,3,3,{'task_count': 10},,3,local,self,7,dropped,,,,,0.0,FLC,config,source,checkpoint
figures-8-11-smoke,figure_9a,e741d9d9033f557fd4bb4db1e9f00529ff64a6371b56b7116fdf39c3769ec974,82dbf8f249a57a5d697ade2a55b5123e05d0582eca7240009e69db623b910fe3-0,FLC,,0,82dbf8f249a57a5d697ade2a55b5123e05d0582eca7240009e69db623b910fe3-0,65,3,3,{'task_count': 10},,3,local,self,7,completed,,,,4.0,-4.0,FLC,config,source,checkpoint
figures-8-11-smoke,figure_9a,e741d9d9033f557fd4bb4db1e9f00529ff64a6371b56b7116fdf39c3769ec974,82dbf8f249a57a5d697ade2a55b5123e05d0582eca7240009e69db623b910fe3-0,FLC,,0,82dbf8f249a57a5d697ade2a55b5123e05d0582eca7240009e69db623b910fe3-0,66,3,3,{'task_count': 10},,3,local,self,7,dropped,,,,,0.0,FLC,config,source,checkpoint
figures-8-11-smoke,figure_9a,e741d9d9033f557fd4bb4db1e9f00529ff64a6371b56b7116fdf39c3769ec974,82dbf8f249a57a5d697ade2a55b5123e05d0582eca7240009e69db623b910fe3-0,FLC,,0,82dbf8f249a57a5d697ade2a55b5123e05d0582eca7240009e69db623b910fe3-0,67,3,3,{'task_count': 10},,3,local,self,7,dropped,,,,,0.0,FLC,config,source,checkpoint
figures-8-11-smoke,figure_9a,e741d9d9033f557fd4bb4db1e9f00529ff64a6371b56b7116fdf39c3769ec974,82dbf8f249a57a5d697ade2a55b5123e05d0582eca7240009e69db623b910fe3-0,FLC,,0,82dbf8f249a57a5d697ade2a55b5123e05d0582eca7240009e69db623b910fe3-0,68,3,3,{'task_count': 10},,3,local,self,7,dropped,,,,,0.0,FLC,config,source,checkpoint
figures-8-11-smoke,figure_9a,e741d9d9033f557fd4bb4db1e9f00529ff64a6371b56b7116fdf39c3769ec974,82dbf8f249a57a5d697ade2a55b5123e05d0582eca7240009e69db623b910fe3-0,FLC,,0,82dbf8f249a57a5d697ade2a55b5123e05d0582eca7240009e69db623b910fe3-0,69,3,3,{'task_count': 10},,3,local,self,7,dropped,,,,,0.0,FLC,config,source,checkpoint
figures-8-11-smoke,figure_9a,e741d9d9033f557fd4bb4db1e9f00529ff64a6371b56b7116fdf39c3769ec974,82dbf8f249a57a5d697ade2a55b5123e05d0582eca7240009e69db623b910fe3-0,FLC,,0,82dbf8f249a57a5d697ade2a55b5123e05d0582eca7240009e69db623b910fe3-0,70,3,3,{'task_count': 10},,3,local,self,7,dropped,,,,,0.0,FLC,config,source,checkpoint
figures-8-11-smoke,figure_9a,e741d9d9033f557fd4bb4db1e9f00529ff64a6371b56b7116fdf39c3769ec974,82dbf8f249a57a5d697ade2a55b5123e05d0582eca7240009e69db623b910fe3-0,FLC,,0,82dbf8f249a57a5d697ade2a55b5123e05d0582eca7240009e69db623b910fe3-0,71,3,3,{'task_count': 10},,3,local,self,7,dropped,,,,,0.0,FLC,config,source,checkpoint
figures-8-11-smoke,figure_9a,e741d9d9033f557fd4bb4db1e9f00529ff64a6371b56b7116fdf39c3769ec974,82dbf8f249a57a5d697ade2a55b5123e05d0582eca7240009e69db623b910fe3-0,FLC,,0,82dbf8f249a57a5d697ade2a55b5123e05d0582eca7240009e69db623b910fe3-0,72,3,3,{'task_count': 10},,3,local,self,7,dropped,,,,,0.0,FLC,config,source,checkpoint
figures-8-11-smoke,figure_9a,e741d9d9033f557fd4bb4db1e9f00529ff64a6371b56b7116fdf39c3769ec974,82dbf8f249a57a5d697ade2a55b5123e05d0582eca7240009e69db623b910fe3-0,FLC,,0,82dbf8f249a57a5d697ade2a55b5123e05d0582eca7240009e69db623b910fe3-0,73,3,3,{'task_count': 10},,3,local,self,7,dropped,,,,,0.0,FLC,config,source,checkpoint
figures-8-11-smoke,figure_9a,e741d9d9033f557fd4bb4db1e9f00529ff64a6371b56b7116fdf39c3769ec974,82dbf8f249a57a5d697ade2a55b5123e05d0582eca7240009e69db623b910fe3-0,FLC,,0,82dbf8f249a57a5d697ade2a55b5123e05d0582eca7240009e69db623b910fe3-0,74,3,3,{'task_count': 10},,3,local,self,7,dropped,,,,,0.0,FLC,config,source,checkpoint
figures-8-11-smoke,figure_9a,e741d9d9033f557fd4bb4db1e9f00529ff64a6371b56b7116fdf39c3769ec974,82dbf8f249a57a5d697ade2a55b5123e05d0582eca7240009e69db623b910fe3-0,FLC,,0,82dbf8f249a57a5d697ade2a55b5123e05d0582eca7240009e69db623b910fe3-0,75,3,3,{'task_count': 10},,3,local,self,7,dropped,,,,,0.0,FLC,config,source,checkpoint
figures-8-11-smoke,figure_9a,e741d9d9033f557fd4bb4db1e9f00529ff64a6371b56b7116fdf39c3769ec974,82dbf8f249a57a5d697ade2a55b5123e05d0582eca7240009e69db623b910fe3-0,FLC,,0,82dbf8f249a57a5d697ade2a55b5123e05d0582eca7240009e69db623b910fe3-0,76,3,3,{'task_count': 10},,3,local,self,7,dropped,,,,,0.0,FLC,config,source,checkpoint
figures-8-11-smoke,figure_9a,e741d9d9033f557fd4bb4db1e9f00529ff64a6371b56b7116fdf39c3769ec974,82dbf8f249a57a5d697ade2a55b5123e05d0582eca7240009e69db623b910fe3-0,FLC,,0,82dbf8f249a57a5d697ade2a55b5123e05d0582eca7240009e69db623b910fe3-0,77,3,3,{'task_count': 10},,3,local,self,7,dropped,,,,,0.0,FLC,config,source,checkpoint
figures-8-11-smoke,figure_9a,e741d9d9033f557fd4bb4db1e9f00529ff64a6371b56b7116fdf39c3769ec974,82dbf8f249a57a5d697ade2a55b5123e05d0582eca7240009e69db623b910fe3-0,FLC,,0,82dbf8f249a57a5d697ade2a55b5123e05d0582eca7240009e69db623b910fe3-0,78,3,3,{'task_count': 10},,3,local,self,7,completed,,,,4.0,-4.0,FLC,config,source,checkpoint
figures-8-11-smoke,figure_9a,e741d9d9033f557fd4bb4db1e9f00529ff64a6371b56b7116fdf39c3769ec974,82dbf8f249a57a5d697ade2a55b5123e05d0582eca7240009e69db623b910fe3-0,FLC,,0,82dbf8f249a57a5d697ade2a55b5123e05d0582eca7240009e69db623b910fe3-0,79,3,3,{'task_count': 10},,3,local,self,7,dropped,,,,,0.0,FLC,config,source,checkpoint
figures-8-11-smoke,figure_9a,e741d9d9033f557fd4bb4db1e9f00529ff64a6371b56b7116fdf39c3769ec974,82dbf8f249a57a5d697ade2a55b5123e05d0582eca7240009e69db623b910fe3-0,FLC,,0,82dbf8f249a57a5d697ade2a55b5123e05d0582eca7240009e69db623b910fe3-0,80,3,3,{'task_count': 10},,3,local,self,7,dropped,,,,,0.0,FLC,config,source,checkpoint
figures-8-11-smoke,figure_9a,e741d9d9033f557fd4bb4db1e9f00529ff64a6371b56b7116fdf39c3769ec974,82dbf8f249a57a5d697ade2a55b5123e05d0582eca7240009e69db623b910fe3-0,FLC,,0,82dbf8f249a57a5d697ade2a55b5123e05d0582eca7240009e69db623b910fe3-0,81,4,4,{'task_count': 10},,4,local,self,7,dropped,,,,,0.0,FLC,config,source,checkpoint
figures-8-11-smoke,figure_9a,e741d9d9033f557fd4bb4db1e9f00529ff64a6371b56b7116fdf39c3769ec974,82dbf8f249a57a5d697ade2a55b5123e05d0582eca7240009e69db623b910fe3-0,FLC,,0,82dbf8f249a57a5d697ade2a55b5123e05d0582eca7240009e69db623b910fe3-0,82,4,4,{'task_count': 10},,4,local,self,7,dropped,,,,,0.0,FLC,config,source,checkpoint
figures-8-11-smoke,figure_9a,e741d9d9033f557fd4bb4db1e9f00529ff64a6371b56b7116fdf39c3769ec974,82dbf8f249a57a5d697ade2a55b5123e05d0582eca7240009e69db623b910fe3-0,FLC,,0,82dbf8f249a57a5d697ade2a55b5123e05d0582eca7240009e69db623b910fe3-0,83,4,4,{'task_count': 10},,4,local,self,7,dropped,,,,,0.0,FLC,config,source,checkpoint
figures-8-11-smoke,figure_9a,e741d9d9033f557fd4bb4db1e9f00529ff64a6371b56b7116fdf39c3769ec974,82dbf8f249a57a5d697ade2a55b5123e05d0582eca7240009e69db623b910fe3-0,FLC,,0,82dbf8f249a57a5d697ade2a55b5123e05d0582eca7240009e69db623b910fe3-0,84,4,4,{'task_count': 10},,4,local,self,7,dropped,,,,,0.0,FLC,config,source,checkpoint
figures-8-11-smoke,figure_9a,e741d9d9033f557fd4bb4db1e9f00529ff64a6371b56b7116fdf39c3769ec974,82dbf8f249a57a5d697ade2a55b5123e05d0582eca7240009e69db623b910fe3-0,FLC,,0,82dbf8f249a57a5d697ade2a55b5123e05d0582eca7240009e69db623b910fe3-0,85,4,4,{'task_count': 10},,4,local,self,7,dropped,,,,,0.0,FLC,config,source,checkpoint
figures-8-11-smoke,figure_9a,e741d9d9033f557fd4bb4db1e9f00529ff64a6371b56b7116fdf39c3769ec974,82dbf8f249a57a5d697ade2a55b5123e05d0582eca7240009e69db623b910fe3-0,FLC,,0,82dbf8f249a57a5d697ade2a55b5123e05d0582eca7240009e69db623b910fe3-0,86,4,4,{'task_count': 10},,4,local,self,7,dropped,,,,,0.0,FLC,config,source,checkpoint
figures-8-11-smoke,figure_9a,e741d9d9033f557fd4bb4db1e9f00529ff64a6371b56b7116fdf39c3769ec974,82dbf8f249a57a5d697ade2a55b5123e05d0582eca7240009e69db623b910fe3-0,FLC,,0,82dbf8f249a57a5d697ade2a55b5123e05d0582eca7240009e69db623b910fe3-0,87,4,4,{'task_count': 10},,4,local,self,7,dropped,,,,,0.0,FLC,config,source,checkpoint
figures-8-11-smoke,figure_9a,e741d9d9033f557fd4bb4db1e9f00529ff64a6371b56b7116fdf39c3769ec974,82dbf8f249a57a5d697ade2a55b5123e05d0582eca7240009e69db623b910fe3-0,FLC,,0,82dbf8f249a57a5d697ade2a55b5123e05d0582eca7240009e69db623b910fe3-0,88,4,4,{'task_count': 10},,4,local,self,7,dropped,,,,,0.0,FLC,config,source,checkpoint
figures-8-11-smoke,figure_9a,e741d9d9033f557fd4bb4db1e9f00529ff64a6371b56b7116fdf39c3769ec974,82dbf8f249a57a5d697ade2a55b5123e05d0582eca7240009e69db623b910fe3-0,FLC,,0,82dbf8f249a57a5d697ade2a55b5123e05d0582eca7240009e69db623b910fe3-0,89,4,4,{'task_count': 10},,4,local,self,7,dropped,,,,,0.0,FLC,config,source,checkpoint
figures-8-11-smoke,figure_9a,e741d9d9033f557fd4bb4db1e9f00529ff64a6371b56b7116fdf39c3769ec974,82dbf8f249a57a5d697ade2a55b5123e05d0582eca7240009e69db623b910fe3-0,FLC,,0,82dbf8f249a57a5d697ade2a55b5123e05d0582eca7240009e69db623b910fe3-0,90,4,4,{'task_count': 10},,4,local,self,7,dropped,,,,,0.0,FLC,config,source,checkpoint
figures-8-11-smoke,figure_9a,e741d9d9033f557fd4bb4db1e9f00529ff64a6371b56b7116fdf39c3769ec974,82dbf8f249a57a5d697ade2a55b5123e05d0582eca7240009e69db623b910fe3-0,FLC,,0,82dbf8f249a57a5d697ade2a55b5123e05d0582eca7240009e69db623b910fe3-0,91,4,4,{'task_count': 10},,4,local,self,7,dropped,,,,,0.0,FLC,config,source,checkpoint
figures-8-11-smoke,figure_9a,e741d9d9033f557fd4bb4db1e9f00529ff64a6371b56b7116fdf39c3769ec974,82dbf8f249a57a5d697ade2a55b5123e05d0582eca7240009e69db623b910fe3-0,FLC,,0,82dbf8f249a57a5d697ade2a55b5123e05d0582eca7240009e69db623b910fe3-0,92,4,4,{'task_count': 10},,4,local,self,7,dropped,,,,,0.0,FLC,config,source,checkpoint
figures-8-11-smoke,figure_9a,e741d9d9033f557fd4bb4db1e9f00529ff64a6371b56b7116fdf39c3769ec974,82dbf8f249a57a5d697ade2a55b5123e05d0582eca7240009e69db623b910fe3-0,FLC,,0,82dbf8f249a57a5d697ade2a55b5123e05d0582eca7240009e69db623b910fe3-0,93,4,4,{'task_count': 10},,4,local,self,7,dropped,,,,,0.0,FLC,config,source,checkpoint
figures-8-11-smoke,figure_9a,e741d9d9033f557fd4bb4db1e9f00529ff64a6371b56b7116fdf39c3769ec974,82dbf8f249a57a5d697ade2a55b5123e05d0582eca7240009e69db623b910fe3-0,FLC,,0,82dbf8f249a57a5d697ade2a55b5123e05d0582eca7240009e69db623b910fe3-0,94,4,4,{'task_count': 10},,4,local,self,7,dropped,,,,,0.0,FLC,config,source,checkpoint
figures-8-11-smoke,figure_9a,e741d9d9033f557fd4bb4db1e9f00529ff64a6371b56b7116fdf39c3769ec974,82dbf8f249a57a5d697ade2a55b5123e05d0582eca7240009e69db623b910fe3-0,FLC,,0,82dbf8f249a57a5d697ade2a55b5123e05d0582eca7240009e69db623b910fe3-0,95,4,4,{'task_count': 10},,4,local,self,7,dropped,,,,,0.0,FLC,config,source,checkpoint
figures-8-11-smoke,figure_9a,e741d9d9033f557fd4bb4db1e9f00529ff64a6371b56b7116fdf39c3769ec974,82dbf8f249a57a5d697ade2a55b5123e05d0582eca7240009e69db623b910fe3-0,FLC,,0,82dbf8f249a57a5d697ade2a55b5123e05d0582eca7240009e69db623b910fe3-0,96,4,4,{'task_count': 10},,4,local,self,7,dropped,,,,,0.0,FLC,config,source,checkpoint
figures-8-11-smoke,figure_9a,e741d9d9033f557fd4bb4db1e9f00529ff64a6371b56b7116fdf39c3769ec974,82dbf8f249a57a5d697ade2a55b5123e05d0582eca7240009e69db623b910fe3-0,FLC,,0,82dbf8f249a57a5d697ade2a55b5123e05d0582eca7240009e69db623b910fe3-0,97,4,4,{'task_count': 10},,4,local,self,7,dropped,,,,,0.0,FLC,config,source,checkpoint
figures-8-11-smoke,figure_9a,e741d9d9033f557fd4bb4db1e9f00529ff64a6371b56b7116fdf39c3769ec974,82dbf8f249a57a5d697ade2a55b5123e05d0582eca7240009e69db623b910fe3-0,FLC,,0,82dbf8f249a57a5d697ade2a55b5123e05d0582eca7240009e69db623b910fe3-0,98,4,4,{'task_count': 10},,4,local,self,7,dropped,,,,,0.0,FLC,config,source,checkpoint
figures-8-11-smoke,figure_9a,e741d9d9033f557fd4bb4db1e9f00529ff64a6371b56b7116fdf39c3769ec974,82dbf8f249a57a5d697ade2a55b5123e05d0582eca7240009e69db623b910fe3-0,FLC,,0,82dbf8f249a57a5d697ade2a55b5123e05d0582eca7240009e69db623b910fe3-0,99,4,4,{'task_count': 10},,4,local,self,7,dropped,,,,,0.0,FLC,config,source,checkpoint
figures-8-11-smoke,figure_9a,e741d9d9033f557fd4bb4db1e9f00529ff64a6371b56b7116fdf39c3769ec974,82dbf8f249a57a5d697ade2a55b5123e05d0582eca7240009e69db623b910fe3-0,FLC,,0,82dbf8f249a57a5d697ade2a55b5123e05d0582eca7240009e69db623b910fe3-0,100,4,4,{'task_count': 10},,4,local,self,7,dropped,,,,,0.0,FLC,config,source,checkpoint
figures-8-11-smoke,figure_9a,e741d9d9033f557fd4bb4db1e9f00529ff64a6371b56b7116fdf39c3769ec974,82dbf8f249a57a5d697ade2a55b5123e05d0582eca7240009e69db623b910fe3-0,FLC,,0,82dbf8f249a57a5d697ade2a55b5123e05d0582eca7240009e69db623b910fe3-0,101,5,5,{'task_count': 10},,5,local,self,7,dropped,,,,,0.0,FLC,config,source,checkpoint
figures-8-11-smoke,figure_9a,e741d9d9033f557fd4bb4db1e9f00529ff64a6371b56b7116fdf39c3769ec974,82dbf8f249a57a5d697ade2a55b5123e05d0582eca7240009e69db623b910fe3-0,FLC,,0,82dbf8f249a57a5d697ade2a55b5123e05d0582eca7240009e69db623b910fe3-0,102,5,5,{'task_count': 10},,5,local,self,7,dropped,,,,,0.0,FLC,config,source,checkpoint
figures-8-11-smoke,figure_9a,e741d9d9033f557fd4bb4db1e9f00529ff64a6371b56b7116fdf39c3769ec974,82dbf8f249a57a5d697ade2a55b5123e05d0582eca7240009e69db623b910fe3-0,FLC,,0,82dbf8f249a57a5d697ade2a55b5123e05d0582eca7240009e69db623b910fe3-0,103,5,5,{'task_count': 10},,5,local,self,7,dropped,,,,,0.0,FLC,config,source,checkpoint
figures-8-11-smoke,figure_9a,e741d9d9033f557fd4bb4db1e9f00529ff64a6371b56b7116fdf39c3769ec974,82dbf8f249a57a5d697ade2a55b5123e05d0582eca7240009e69db623b910fe3-0,FLC,,0,82dbf8f249a57a5d697ade2a55b5123e05d0582eca7240009e69db623b910fe3-0,104,5,5,{'task_count': 10},,5,local,self,7,dropped,,,,,0.0,FLC,config,source,checkpoint
figures-8-11-smoke,figure_9a,e741d9d9033f557fd4bb4db1e9f00529ff64a6371b56b7116fdf39c3769ec974,82dbf8f249a57a5d697ade2a55b5123e05d0582eca7240009e69db623b910fe3-0,FLC,,0,82dbf8f249a57a5d697ade2a55b5123e05d0582eca7240009e69db623b910fe3-0,105,5,5,{'task_count': 10},,5,local,self,7,dropped,,,,,0.0,FLC,config,source,checkpoint
figures-8-11-smoke,figure_9a,e741d9d9033f557fd4bb4db1e9f00529ff64a6371b56b7116fdf39c3769ec974,82dbf8f249a57a5d697ade2a55b5123e05d0582eca7240009e69db623b910fe3-0,FLC,,0,82dbf8f249a57a5d697ade2a55b5123e05d0582eca7240009e69db623b910fe3-0,106,5,5,{'task_count': 10},,5,local,self,7,dropped,,,,,0.0,FLC,config,source,checkpoint
figures-8-11-smoke,figure_9a,e741d9d9033f557fd4bb4db1e9f00529ff64a6371b56b7116fdf39c3769ec974,82dbf8f249a57a5d697ade2a55b5123e05d0582eca7240009e69db623b910fe3-0,FLC,,0,82dbf8f249a57a5d697ade2a55b5123e05d0582eca7240009e69db623b910fe3-0,107,5,5,{'task_count': 10},,5,local,self,7,dropped,,,,,0.0,FLC,config,source,checkpoint
figures-8-11-smoke,figure_9a,e741d9d9033f557fd4bb4db1e9f00529ff64a6371b56b7116fdf39c3769ec974,82dbf8f249a57a5d697ade2a55b5123e05d0582eca7240009e69db623b910fe3-0,FLC,,0,82dbf8f249a57a5d697ade2a55b5123e05d0582eca7240009e69db623b910fe3-0,108,5,5,{'task_count': 10},,5,local,self,7,dropped,,,,,0.0,FLC,config,source,checkpoint
figures-8-11-smoke,figure_9a,e741d9d9033f557fd4bb4db1e9f00529ff64a6371b56b7116fdf39c3769ec974,82dbf8f249a57a5d697ade2a55b5123e05d0582eca7240009e69db623b910fe3-0,FLC,,0,82dbf8f249a57a5d697ade2a55b5123e05d0582eca7240009e69db623b910fe3-0,109,5,5,{'task_count': 10},,5,local,self,7,dropped,,,,,0.0,FLC,config,source,checkpoint
figures-8-11-smoke,figure_9a,e741d9d9033f557fd4bb4db1e9f00529ff64a6371b56b7116fdf39c3769ec974,82dbf8f249a57a5d697ade2a55b5123e05d0582eca7240009e69db623b910fe3-0,FLC,,0,82dbf8f249a57a5d697ade2a55b5123e05d0582eca7240009e69db623b910fe3-0,110,5,5,{'task_count': 10},,5,local,self,7,dropped,,,,,0.0,FLC,config,source,checkpoint
figures-8-11-smoke,figure_9a,e741d9d9033f557fd4bb4db1e9f00529ff64a6371b56b7116fdf39c3769ec974,82dbf8f249a57a5d697ade2a55b5123e05d0582eca7240009e69db623b910fe3-0,FLC,,0,82dbf8f249a57a5d697ade2a55b5123e05d0582eca7240009e69db623b910fe3-0,111,5,5,{'task_count': 10},,5,local,self,7,dropped,,,,,0.0,FLC,config,source,checkpoint
figures-8-11-smoke,figure_9a,e741d9d9033f557fd4bb4db1e9f00529ff64a6371b56b7116fdf39c3769ec974,82dbf8f249a57a5d697ade2a55b5123e05d0582eca7240009e69db623b910fe3-0,FLC,,0,82dbf8f249a57a5d697ade2a55b5123e05d0582eca7240009e69db623b910fe3-0,112,5,5,{'task_count': 10},,5,local,self,7,dropped,,,,,0.0,FLC,config,source,checkpoint
figures-8-11-smoke,figure_9a,e741d9d9033f557fd4bb4db1e9f00529ff64a6371b56b7116fdf39c3769ec974,82dbf8f249a57a5d697ade2a55b5123e05d0582eca7240009e69db623b910fe3-0,FLC,,0,82dbf8f249a57a5d697ade2a55b5123e05d0582eca7240009e69db623b910fe3-0,113,5,5,{'task_count': 10},,5,local,self,7,dropped,,,,,0.0,FLC,config,source,checkpoint
figures-8-11-smoke,figure_9a,e741d9d9033f557fd4bb4db1e9f00529ff64a6371b56b7116fdf39c3769ec974,82dbf8f249a57a5d697ade2a55b5123e05d0582eca7240009e69db623b910fe3-0,FLC,,0,82dbf8f249a57a5d697ade2a55b5123e05d0582eca7240009e69db623b910fe3-0,114,5,5,{'task_count': 10},,5,local,self,7,dropped,,,,,0.0,FLC,config,source,checkpoint
figures-8-11-smoke,figure_9a,e741d9d9033f557fd4bb4db1e9f00529ff64a6371b56b7116fdf39c3769ec974,82dbf8f249a57a5d697ade2a55b5123e05d0582eca7240009e69db623b910fe3-0,FLC,,0,82dbf8f249a57a5d697ade2a55b5123e05d0582eca7240009e69db623b910fe3-0,115,5,5,{'task_count': 10},,5,local,self,7,dropped,,,,,0.0,FLC,config,source,checkpoint
figures-8-11-smoke,figure_9a,e741d9d9033f557fd4bb4db1e9f00529ff64a6371b56b7116fdf39c3769ec974,82dbf8f249a57a5d697ade2a55b5123e05d0582eca7240009e69db623b910fe3-0,FLC,,0,82dbf8f249a57a5d697ade2a55b5123e05d0582eca7240009e69db623b910fe3-0,116,5,5,{'task_count': 10},,5,local,self,7,dropped,,,,,0.0,FLC,config,source,checkpoint
figures-8-11-smoke,figure_9a,e741d9d9033f557fd4bb4db1e9f00529ff64a6371b56b7116fdf39c3769ec974,82dbf8f249a57a5d697ade2a55b5123e05d0582eca7240009e69db623b910fe3-0,FLC,,0,82dbf8f249a57a5d697ade2a55b5123e05d0582eca7240009e69db623b910fe3-0,117,5,5,{'task_count': 10},,5,local,self,7,dropped,,,,,0.0,FLC,config,source,checkpoint
figures-8-11-smoke,figure_9a,e741d9d9033f557fd4bb4db1e9f00529ff64a6371b56b7116fdf39c3769ec974,82dbf8f249a57a5d697ade2a55b5123e05d0582eca7240009e69db623b910fe3-0,FLC,,0,82dbf8f249a57a5d697ade2a55b5123e05d0582eca7240009e69db623b910fe3-0,118,5,5,{'task_count': 10},,5,local,self,7,dropped,,,,,0.0,FLC,config,source,checkpoint
figures-8-11-smoke,figure_9a,e741d9d9033f557fd4bb4db1e9f00529ff64a6371b56b7116fdf39c3769ec974,82dbf8f249a57a5d697ade2a55b5123e05d0582eca7240009e69db623b910fe3-0,FLC,,0,82dbf8f249a57a5d697ade2a55b5123e05d0582eca7240009e69db623b910fe3-0,119,5,5,{'task_count': 10},,5,local,self,7,dropped,,,,,0.0,FLC,config,source,checkpoint
figures-8-11-smoke,figure_9a,e741d9d9033f557fd4bb4db1e9f00529ff64a6371b56b7116fdf39c3769ec974,82dbf8f249a57a5d697ade2a55b5123e05d0582eca7240009e69db623b910fe3-0,FLC,,0,82dbf8f249a57a5d697ade2a55b5123e05d0582eca7240009e69db623b910fe3-0,120,5,5,{'task_count': 10},,5,local,self,7,dropped,,,,,0.0,FLC,config,source,checkpoint
figures-8-11-smoke,figure_9a,e741d9d9033f557fd4bb4db1e9f00529ff64a6371b56b7116fdf39c3769ec974,82dbf8f249a57a5d697ade2a55b5123e05d0582eca7240009e69db623b910fe3-0,FLC,,0,82dbf8f249a57a5d697ade2a55b5123e05d0582eca7240009e69db623b910fe3-0,121,6,6,{'task_count': 10},,6,local,self,7,dropped,,,,,0.0,FLC,config,source,checkpoint
figures-8-11-smoke,figure_9a,e741d9d9033f557fd4bb4db1e9f00529ff64a6371b56b7116fdf39c3769ec974,82dbf8f249a57a5d697ade2a55b5123e05d0582eca7240009e69db623b910fe3-0,FLC,,0,82dbf8f249a57a5d697ade2a55b5123e05d0582eca7240009e69db623b910fe3-0,122,6,6,{'task_count': 10},,6,local,self,7,dropped,,,,,0.0,FLC,config,source,checkpoint
figures-8-11-smoke,figure_9a,e741d9d9033f557fd4bb4db1e9f00529ff64a6371b56b7116fdf39c3769ec974,82dbf8f249a57a5d697ade2a55b5123e05d0582eca7240009e69db623b910fe3-0,FLC,,0,82dbf8f249a57a5d697ade2a55b5123e05d0582eca7240009e69db623b910fe3-0,123,6,6,{'task_count': 10},,6,local,self,7,dropped,,,,,0.0,FLC,config,source,checkpoint
figures-8-11-smoke,figure_9a,e741d9d9033f557fd4bb4db1e9f00529ff64a6371b56b7116fdf39c3769ec974,82dbf8f249a57a5d697ade2a55b5123e05d0582eca7240009e69db623b910fe3-0,FLC,,0,82dbf8f249a57a5d697ade2a55b5123e05d0582eca7240009e69db623b910fe3-0,124,6,6,{'task_count': 10},,6,local,self,7,dropped,,,,,0.0,FLC,config,source,checkpoint
figures-8-11-smoke,figure_9a,e741d9d9033f557fd4bb4db1e9f00529ff64a6371b56b7116fdf39c3769ec974,82dbf8f249a57a5d697ade2a55b5123e05d0582eca7240009e69db623b910fe3-0,FLC,,0,82dbf8f249a57a5d697ade2a55b5123e05d0582eca7240009e69db623b910fe3-0,125,6,6,{'task_count': 10},,6,local,self,7,dropped,,,,,0.0,FLC,config,source,checkpoint
figures-8-11-smoke,figure_9a,e741d9d9033f557fd4bb4db1e9f00529ff64a6371b56b7116fdf39c3769ec974,82dbf8f249a57a5d697ade2a55b5123e05d0582eca7240009e69db623b910fe3-0,FLC,,0,82dbf8f249a57a5d697ade2a55b5123e05d0582eca7240009e69db623b910fe3-0,126,6,6,{'task_count': 10},,6,local,self,7,dropped,,,,,0.0,FLC,config,source,checkpoint
figures-8-11-smoke,figure_9a,e741d9d9033f557fd4bb4db1e9f00529ff64a6371b56b7116fdf39c3769ec974,82dbf8f249a57a5d697ade2a55b5123e05d0582eca7240009e69db623b910fe3-0,FLC,,0,82dbf8f249a57a5d697ade2a55b5123e05d0582eca7240009e69db623b910fe3-0,127,6,6,{'task_count': 10},,6,local,self,7,dropped,,,,,0.0,FLC,config,source,checkpoint
figures-8-11-smoke,figure_9a,e741d9d9033f557fd4bb4db1e9f00529ff64a6371b56b7116fdf39c3769ec974,82dbf8f249a57a5d697ade2a55b5123e05d0582eca7240009e69db623b910fe3-0,FLC,,0,82dbf8f249a57a5d697ade2a55b5123e05d0582eca7240009e69db623b910fe3-0,128,6,6,{'task_count': 10},,6,local,self,7,dropped,,,,,0.0,FLC,config,source,checkpoint
figures-8-11-smoke,figure_9a,e741d9d9033f557fd4bb4db1e9f00529ff64a6371b56b7116fdf39c3769ec974,82dbf8f249a57a5d697ade2a55b5123e05d0582eca7240009e69db623b910fe3-0,FLC,,0,82dbf8f249a57a5d697ade2a55b5123e05d0582eca7240009e69db623b910fe3-0,129,6,6,{'task_count': 10},,6,local,self,7,dropped,,,,,0.0,FLC,config,source,checkpoint
figures-8-11-smoke,figure_9a,e741d9d9033f557fd4bb4db1e9f00529ff64a6371b56b7116fdf39c3769ec974,82dbf8f249a57a5d697ade2a55b5123e05d0582eca7240009e69db623b910fe3-0,FLC,,0,82dbf8f249a57a5d697ade2a55b5123e05d0582eca7240009e69db623b910fe3-0,130,6,6,{'task_count': 10},,6,local,self,7,dropped,,,,,0.0,FLC,config,source,checkpoint
figures-8-11-smoke,figure_9a,e741d9d9033f557fd4bb4db1e9f00529ff64a6371b56b7116fdf39c3769ec974,82dbf8f249a57a5d697ade2a55b5123e05d0582eca7240009e69db623b910fe3-0,FLC,,0,82dbf8f249a57a5d697ade2a55b5123e05d0582eca7240009e69db623b910fe3-0,131,6,6,{'task_count': 10},,6,local,self,7,dropped,,,,,0.0,FLC,config,source,checkpoint
figures-8-11-smoke,figure_9a,e741d9d9033f557fd4bb4db1e9f00529ff64a6371b56b7116fdf39c3769ec974,82dbf8f249a57a5d697ade2a55b5123e05d0582eca7240009e69db623b910fe3-0,FLC,,0,82dbf8f249a57a5d697ade2a55b5123e05d0582eca7240009e69db623b910fe3-0,132,6,6,{'task_count': 10},,6,local,self,7,dropped,,,,,0.0,FLC,config,source,checkpoint
figures-8-11-smoke,figure_9a,e741d9d9033f557fd4bb4db1e9f00529ff64a6371b56b7116fdf39c3769ec974,82dbf8f249a57a5d697ade2a55b5123e05d0582eca7240009e69db623b910fe3-0,FLC,,0,82dbf8f249a57a5d697ade2a55b5123e05d0582eca7240009e69db623b910fe3-0,133,6,6,{'task_count': 10},,6,local,self,7,dropped,,,,,0.0,FLC,config,source,checkpoint
figures-8-11-smoke,figure_9a,e741d9d9033f557fd4bb4db1e9f00529ff64a6371b56b7116fdf39c3769ec974,82dbf8f249a57a5d697ade2a55b5123e05d0582eca7240009e69db623b910fe3-0,FLC,,0,82dbf8f249a57a5d697ade2a55b5123e05d0582eca7240009e69db623b910fe3-0,134,6,6,{'task_count': 10},,6,local,self,7,dropped,,,,,0.0,FLC,config,source,checkpoint
figures-8-11-smoke,figure_9a,e741d9d9033f557fd4bb4db1e9f00529ff64a6371b56b7116fdf39c3769ec974,82dbf8f249a57a5d697ade2a55b5123e05d0582eca7240009e69db623b910fe3-0,FLC,,0,82dbf8f249a57a5d697ade2a55b5123e05d0582eca7240009e69db623b910fe3-0,135,6,6,{'task_count': 10},,6,local,self,7,dropped,,,,,0.0,FLC,config,source,checkpoint
figures-8-11-smoke,figure_9a,e741d9d9033f557fd4bb4db1e9f00529ff64a6371b56b7116fdf39c3769ec974,82dbf8f249a57a5d697ade2a55b5123e05d0582eca7240009e69db623b910fe3-0,FLC,,0,82dbf8f249a57a5d697ade2a55b5123e05d0582eca7240009e69db623b910fe3-0,136,6,6,{'task_count': 10},,6,local,self,7,dropped,,,,,0.0,FLC,config,source,checkpoint
figures-8-11-smoke,figure_9a,e741d9d9033f557fd4bb4db1e9f00529ff64a6371b56b7116fdf39c3769ec974,82dbf8f249a57a5d697ade2a55b5123e05d0582eca7240009e69db623b910fe3-0,FLC,,0,82dbf8f249a57a5d697ade2a55b5123e05d0582eca7240009e69db623b910fe3-0,137,6,6,{'task_count': 10},,6,local,self,7,dropped,,,,,0.0,FLC,config,source,checkpoint
figures-8-11-smoke,figure_9a,e741d9d9033f557fd4bb4db1e9f00529ff64a6371b56b7116fdf39c3769ec974,82dbf8f249a57a5d697ade2a55b5123e05d0582eca7240009e69db623b910fe3-0,FLC,,0,82dbf8f249a57a5d697ade2a55b5123e05d0582eca7240009e69db623b910fe3-0,138,6,6,{'task_count': 10},,6,local,self,7,dropped,,,,,0.0,FLC,config,source,checkpoint
figures-8-11-smoke,figure_9a,e741d9d9033f557fd4bb4db1e9f00529ff64a6371b56b7116fdf39c3769ec974,82dbf8f249a57a5d697ade2a55b5123e05d0582eca7240009e69db623b910fe3-0,FLC,,0,82dbf8f249a57a5d697ade2a55b5123e05d0582eca7240009e69db623b910fe3-0,139,6,6,{'task_count': 10},,6,local,self,7,dropped,,,,,0.0,FLC,config,source,checkpoint
figures-8-11-smoke,figure_9a,e741d9d9033f557fd4bb4db1e9f00529ff64a6371b56b7116fdf39c3769ec974,82dbf8f249a57a5d697ade2a55b5123e05d0582eca7240009e69db623b910fe3-0,FLC,,0,82dbf8f249a57a5d697ade2a55b5123e05d0582eca7240009e69db623b910fe3-0,140,6,6,{'task_count': 10},,6,local,self,7,dropped,,,,,0.0,FLC,config,source,checkpoint
figures-8-11-smoke,figure_9a,e741d9d9033f557fd4bb4db1e9f00529ff64a6371b56b7116fdf39c3769ec974,82dbf8f249a57a5d697ade2a55b5123e05d0582eca7240009e69db623b910fe3-0,FLC,,0,82dbf8f249a57a5d697ade2a55b5123e05d0582eca7240009e69db623b910fe3-0,141,7,7,{'task_count': 10},,7,local,self,7,dropped,,,,,0.0,FLC,config,source,checkpoint
figures-8-11-smoke,figure_9a,e741d9d9033f557fd4bb4db1e9f00529ff64a6371b56b7116fdf39c3769ec974,82dbf8f249a57a5d697ade2a55b5123e05d0582eca7240009e69db623b910fe3-0,FLC,,0,82dbf8f249a57a5d697ade2a55b5123e05d0582eca7240009e69db623b910fe3-0,142,7,7,{'task_count': 10},,7,local,self,7,dropped,,,,,0.0,FLC,config,source,checkpoint
figures-8-11-smoke,figure_9a,e741d9d9033f557fd4bb4db1e9f00529ff64a6371b56b7116fdf39c3769ec974,82dbf8f249a57a5d697ade2a55b5123e05d0582eca7240009e69db623b910fe3-0,FLC,,0,82dbf8f249a57a5d697ade2a55b5123e05d0582eca7240009e69db623b910fe3-0,143,7,7,{'task_count': 10},,7,local,self,7,dropped,,,,,0.0,FLC,config,source,checkpoint
figures-8-11-smoke,figure_9a,e741d9d9033f557fd4bb4db1e9f00529ff64a6371b56b7116fdf39c3769ec974,82dbf8f249a57a5d697ade2a55b5123e05d0582eca7240009e69db623b910fe3-0,FLC,,0,82dbf8f249a57a5d697ade2a55b5123e05d0582eca7240009e69db623b910fe3-0,144,7,7,{'task_count': 10},,7,local,self,7,dropped,,,,,0.0,FLC,config,source,checkpoint
figures-8-11-smoke,figure_9a,e741d9d9033f557fd4bb4db1e9f00529ff64a6371b56b7116fdf39c3769ec974,82dbf8f249a57a5d697ade2a55b5123e05d0582eca7240009e69db623b910fe3-0,FLC,,0,82dbf8f249a57a5d697ade2a55b5123e05d0582eca7240009e69db623b910fe3-0,145,7,7,{'task_count': 10},,7,local,self,7,dropped,,,,,0.0,FLC,config,source,checkpoint
figures-8-11-smoke,figure_9a,e741d9d9033f557fd4bb4db1e9f00529ff64a6371b56b7116fdf39c3769ec974,82dbf8f249a57a5d697ade2a55b5123e05d0582eca7240009e69db623b910fe3-0,FLC,,0,82dbf8f249a57a5d697ade2a55b5123e05d0582eca7240009e69db623b910fe3-0,146,7,7,{'task_count': 10},,7,local,self,7,dropped,,,,,0.0,FLC,config,source,checkpoint
figures-8-11-smoke,figure_9a,e741d9d9033f557fd4bb4db1e9f00529ff64a6371b56b7116fdf39c3769ec974,82dbf8f249a57a5d697ade2a55b5123e05d0582eca7240009e69db623b910fe3-0,FLC,,0,82dbf8f249a57a5d697ade2a55b5123e05d0582eca7240009e69db623b910fe3-0,147,7,7,{'task_count': 10},,7,local,self,7,dropped,,,,,0.0,FLC,config,source,checkpoint
figures-8-11-smoke,figure_9a,e741d9d9033f557fd4bb4db1e9f00529ff64a6371b56b7116fdf39c3769ec974,82dbf8f249a57a5d697ade2a55b5123e05d0582eca7240009e69db623b910fe3-0,FLC,,0,82dbf8f249a57a5d697ade2a55b5123e05d0582eca7240009e69db623b910fe3-0,148,7,7,{'task_count': 10},,7,local,self,7,dropped,,,,,0.0,FLC,config,source,checkpoint
figures-8-11-smoke,figure_9a,e741d9d9033f557fd4bb4db1e9f00529ff64a6371b56b7116fdf39c3769ec974,82dbf8f249a57a5d697ade2a55b5123e05d0582eca7240009e69db623b910fe3-0,FLC,,0,82dbf8f249a57a5d697ade2a55b5123e05d0582eca7240009e69db623b910fe3-0,149,7,7,{'task_count': 10},,7,local,self,7,dropped,,,,,0.0,FLC,config,source,checkpoint
figures-8-11-smoke,figure_9a,e741d9d9033f557fd4bb4db1e9f00529ff64a6371b56b7116fdf39c3769ec974,82dbf8f249a57a5d697ade2a55b5123e05d0582eca7240009e69db623b910fe3-0,FLC,,0,82dbf8f249a57a5d697ade2a55b5123e05d0582eca7240009e69db623b910fe3-0,150,7,7,{'task_count': 10},,7,local,self,7,dropped,,,,,0.0,FLC,config,source,checkpoint
figures-8-11-smoke,figure_9a,e741d9d9033f557fd4bb4db1e9f00529ff64a6371b56b7116fdf39c3769ec974,82dbf8f249a57a5d697ade2a55b5123e05d0582eca7240009e69db623b910fe3-0,FLC,,0,82dbf8f249a57a5d697ade2a55b5123e05d0582eca7240009e69db623b910fe3-0,151,7,7,{'task_count': 10},,7,local,self,7,dropped,,,,,0.0,FLC,config,source,checkpoint
figures-8-11-smoke,figure_9a,e741d9d9033f557fd4bb4db1e9f00529ff64a6371b56b7116fdf39c3769ec974,82dbf8f249a57a5d697ade2a55b5123e05d0582eca7240009e69db623b910fe3-0,FLC,,0,82dbf8f249a57a5d697ade2a55b5123e05d0582eca7240009e69db623b910fe3-0,152,7,7,{'task_count': 10},,7,local,self,7,dropped,,,,,0.0,FLC,config,source,checkpoint
figures-8-11-smoke,figure_9a,e741d9d9033f557fd4bb4db1e9f00529ff64a6371b56b7116fdf39c3769ec974,82dbf8f249a57a5d697ade2a55b5123e05d0582eca7240009e69db623b910fe3-0,FLC,,0,82dbf8f249a57a5d697ade2a55b5123e05d0582eca7240009e69db623b910fe3-0,153,7,7,{'task_count': 10},,7,local,self,7,dropped,,,,,0.0,FLC,config,source,checkpoint
figures-8-11-smoke,figure_9a,e741d9d9033f557fd4bb4db1e9f00529ff64a6371b56b7116fdf39c3769ec974,82dbf8f249a57a5d697ade2a55b5123e05d0582eca7240009e69db623b910fe3-0,FLC,,0,82dbf8f249a57a5d697ade2a55b5123e05d0582eca7240009e69db623b910fe3-0,154,7,7,{'task_count': 10},,7,local,self,7,dropped,,,,,0.0,FLC,config,source,checkpoint
figures-8-11-smoke,figure_9a,e741d9d9033f557fd4bb4db1e9f00529ff64a6371b56b7116fdf39c3769ec974,82dbf8f249a57a5d697ade2a55b5123e05d0582eca7240009e69db623b910fe3-0,FLC,,0,82dbf8f249a57a5d697ade2a55b5123e05d0582eca7240009e69db623b910fe3-0,155,7,7,{'task_count': 10},,7,local,self,7,dropped,,,,,0.0,FLC,config,source,checkpoint
figures-8-11-smoke,figure_9a,e741d9d9033f557fd4bb4db1e9f00529ff64a6371b56b7116fdf39c3769ec974,82dbf8f249a57a5d697ade2a55b5123e05d0582eca7240009e69db623b910fe3-0,FLC,,0,82dbf8f249a57a5d697ade2a55b5123e05d0582eca7240009e69db623b910fe3-0,156,7,7,{'task_count': 10},,7,local,self,7,dropped,,,,,0.0,FLC,config,source,checkpoint
figures-8-11-smoke,figure_9a,e741d9d9033f557fd4bb4db1e9f00529ff64a6371b56b7116fdf39c3769ec974,82dbf8f249a57a5d697ade2a55b5123e05d0582eca7240009e69db623b910fe3-0,FLC,,0,82dbf8f249a57a5d697ade2a55b5123e05d0582eca7240009e69db623b910fe3-0,157,7,7,{'task_count': 10},,7,local,self,7,dropped,,,,,0.0,FLC,config,source,checkpoint
figures-8-11-smoke,figure_9a,e741d9d9033f557fd4bb4db1e9f00529ff64a6371b56b7116fdf39c3769ec974,82dbf8f249a57a5d697ade2a55b5123e05d0582eca7240009e69db623b910fe3-0,FLC,,0,82dbf8f249a57a5d697ade2a55b5123e05d0582eca7240009e69db623b910fe3-0,158,7,7,{'task_count': 10},,7,local,self,7,dropped,,,,,0.0,FLC,config,source,checkpoint
figures-8-11-smoke,figure_9a,e741d9d9033f557fd4bb4db1e9f00529ff64a6371b56b7116fdf39c3769ec974,82dbf8f249a57a5d697ade2a55b5123e05d0582eca7240009e69db623b910fe3-0,FLC,,0,82dbf8f249a57a5d697ade2a55b5123e05d0582eca7240009e69db623b910fe3-0,159,7,7,{'task_count': 10},,7,local,self,7,dropped,,,,,0.0,FLC,config,source,checkpoint
figures-8-11-smoke,figure_9a,e741d9d9033f557fd4bb4db1e9f00529ff64a6371b56b7116fdf39c3769ec974,82dbf8f249a57a5d697ade2a55b5123e05d0582eca7240009e69db623b910fe3-0,FLC,,0,82dbf8f249a57a5d697ade2a55b5123e05d0582eca7240009e69db623b910fe3-0,160,7,7,{'task_count': 10},,7,local,self,7,dropped,,,,,0.0,FLC,config,source,checkpoint
