episode_id,slot,node_id,active_public_queue_source_ids,active_public_queue_count,total_public_cpu_ghz,cpu_share_per_active_queue_ghz
episode-001,0,1,[7],1,5.0,5.0
episode-001,0,2,[1],1,5.0,5.0
episode-001,0,3,[],0,5.0,0.0
episode-001,0,4,[],0,5.0,0.0
episode-001,0,5,[],0,5.0,0.0
episode-001,0,6,[],0,5.0,0.0
episode-001,0,7,[],0,5.0,0.0
episode-001,0,8,[],0,5.0,0.0
episode-001,0,9,[],0,5.0,0.0
episode-001,0,10,[],0,5.0,0.0
episode-001,0,11,[],0,5.0,0.0
episode-001,0,12,[],0,5.0,0.0
episode-001,0,13,[],0,5.0,0.0
episode-001,0,14,[],0,5.0,0.0
episode-001,0,15,[],0,5.0,0.0
episode-001,0,16,[],0,5.0,0.0
episode-001,0,17,[],0,5.0,0.0
episode-001,0,18,[],0,5.0,0.0
episode-001,0,19,[],0,5.0,0.0
episode-001,0,20,[],0,5.0,0.0
episode-001,0,21,[],0,30.0,0.0
episode-001,1,1,"[4, 7, 14, 17]",4,5.0,1.25
episode-001,1,2,[1],1,5.0,5.0
episode-001,1,3,[],0,5.0,0.0
episode-001,1,4,[],0,5.0,0.0
episode-001,1,5,[],0,5.0,0.0
episode-001,1,6,[],0,5.0,0.0
episode-001,1,7,[],0,5.0,0.0
episode-001,1,8,[],0,5.0,0.0
episode-001,1,9,[],0,5.0,0.0
episode-001,1,10,[],0,5.0,0.0
episode-001,1,11,[],0,5.0,0.0
episode-001,1,12,[],0,5.0,0.0
episode-001,1,13,[],0,5.0,0.0
episode-001,1,14,[],0,5.0,0.0
episode-001,1,15,[],0,5.0,0.0
episode-001,1,16,[],0,5.0,0.0
episode-001,1,17,[],0,5.0,0.0
episode-001,1,18,[],0,5.0,0.0
episode-001,1,19,[],0,5.0,0.0
episode-001,1,20,[],0,5.0,0.0
episode-001,1,21,[],0,30.0,0.0
episode-001,2,1,"[4, 7, 10, 14, 17, 19]",6,5.0,0.8333333333333334
episode-001,2,2,[],0,5.0,0.0
episode-001,2,3,[],0,5.0,0.0
episode-001,2,4,[],0,5.0,0.0
episode-001,2,5,[],0,5.0,0.0
episode-001,2,6,[],0,5.0,0.0
episode-001,2,7,[],0,5.0,0.0
episode-001,2,8,[],0,5.0,0.0
episode-001,2,9,[],0,5.0,0.0
episode-001,2,10,[],0,5.0,0.0
episode-001,2,11,[],0,5.0,0.0
episode-001,2,12,[],0,5.0,0.0
episode-001,2,13,[],0,5.0,0.0
episode-001,2,14,[],0,5.0,0.0
episode-001,2,15,[],0,5.0,0.0
episode-001,2,16,[],0,5.0,0.0
episode-001,2,17,[],0,5.0,0.0
episode-001,2,18,[],0,5.0,0.0
episode-001,2,19,[],0,5.0,0.0
episode-001,2,20,[],0,5.0,0.0
episode-001,2,21,"[2, 15, 18]",3,30.0,10.0
episode-001,3,1,"[4, 7, 10, 13, 14, 17, 19]",7,5.0,0.7142857142857143
episode-001,3,2,[1],1,5.0,5.0
episode-001,3,3,[],0,5.0,0.0
episode-001,3,4,[],0,5.0,0.0
episode-001,3,5,[],0,5.0,0.0
episode-001,3,6,[],0,5.0,0.0
episode-001,3,7,[],0,5.0,0.0
episode-001,3,8,[],0,5.0,0.0
episode-001,3,9,[],0,5.0,0.0
episode-001,3,10,[],0,5.0,0.0
episode-001,3,11,[],0,5.0,0.0
episode-001,3,12,[],0,5.0,0.0
episode-001,3,13,[],0,5.0,0.0
episode-001,3,14,[],0,5.0,0.0
episode-001,3,15,[],0,5.0,0.0
episode-001,3,16,[],0,5.0,0.0
episode-001,3,17,[],0,5.0,0.0
episode-001,3,18,[],0,5.0,0.0
episode-001,3,19,[],0,5.0,0.0
episode-001,3,20,[],0,5.0,0.0
episode-001,3,21,"[5, 8, 11, 15, 18, 20]",6,30.0,5.0
episode-001,4,1,"[2, 4, 6, 7, 10, 13, 14, 17, 19]",9,5.0,0.5555555555555556
episode-001,4,2,[1],1,5.0,5.0
episode-001,4,3,[],0,5.0,0.0
episode-001,4,4,[],0,5.0,0.0
episode-001,4,5,[],0,5.0,0.0
episode-001,4,6,[],0,5.0,0.0
episode-001,4,7,[],0,5.0,0.0
episode-001,4,8,[],0,5.0,0.0
episode-001,4,9,[],0,5.0,0.0
episode-001,4,10,[],0,5.0,0.0
episode-001,4,11,[],0,5.0,0.0
episode-001,4,12,[],0,5.0,0.0
episode-001,4,13,[],0,5.0,0.0
episode-001,4,14,[],0,5.0,0.0
episode-001,4,15,[],0,5.0,0.0
episode-001,4,16,[],0,5.0,0.0
episode-001,4,17,[],0,5.0,0.0
episode-001,4,18,[],0,5.0,0.0
episode-001,4,19,[],0,5.0,0.0
episode-001,4,20,[],0,5.0,0.0
episode-001,4,21,"[5, 8, 11, 15, 18, 20]",6,30.0,5.0
episode-001,5,1,"[2, 4, 6, 7, 10, 13, 14, 17, 19]",9,5.0,0.5555555555555556
episode-001,5,2,[],0,5.0,0.0
episode-001,5,3,[],0,5.0,0.0
episode-001,5,4,[],0,5.0,0.0
episode-001,5,5,[],0,5.0,0.0
episode-001,5,6,[],0,5.0,0.0
episode-001,5,7,[],0,5.0,0.0
episode-001,5,8,[],0,5.0,0.0
episode-001,5,9,[],0,5.0,0.0
episode-001,5,10,[],0,5.0,0.0
episode-001,5,11,[],0,5.0,0.0
episode-001,5,12,[],0,5.0,0.0
episode-001,5,13,[],0,5.0,0.0
episode-001,5,14,[],0,5.0,0.0
episode-001,5,15,[],0,5.0,0.0
episode-001,5,16,[],0,5.0,0.0
episode-001,5,17,[],0,5.0,0.0
episode-001,5,18,[],0,5.0,0.0
episode-001,5,19,[],0,5.0,0.0
episode-001,5,20,[],0,5.0,0.0
episode-001,5,21,"[3, 5, 8, 11, 15, 16, 18, 20]",8,30.0,3.75
episode-001,6,1,"[2, 4, 6, 7, 10, 12, 13, 14, 17, 19]",10,5.0,0.5
episode-001,6,2,[1],1,5.0,5.0
episode-001,6,3,[],0,5.0,0.0
episode-001,6,4,[],0,5.0,0.0
episode-001,6,5,[],0,5.0,0.0
episode-001,6,6,[],0,5.0,0.0
episode-001,6,7,[],0,5.0,0.0
episode-001,6,8,[],0,5.0,0.0
episode-001,6,9,[],0,5.0,0.0
episode-001,6,10,[],0,5.0,0.0
episode-001,6,11,[],0,5.0,0.0
episode-001,6,12,[],0,5.0,0.0
episode-001,6,13,[],0,5.0,0.0
episode-001,6,14,[],0,5.0,0.0
episode-001,6,15,[],0,5.0,0.0
episode-001,6,16,[],0,5.0,0.0
episode-001,6,17,[],0,5.0,0.0
episode-001,6,18,[],0,5.0,0.0
episode-001,6,19,[],0,5.0,0.0
episode-001,6,20,[],0,5.0,0.0
episode-001,6,21,"[3, 5, 7, 8, 11, 15, 16, 18, 19, 20]",10,30.0,3.0
episode-001,7,1,"[2, 4, 6, 7, 10, 12, 13, 14, 17, 19, 20]",11,5.0,0.45454545454545453
episode-001,7,2,[1],1,5.0,5.0
episode-001,7,3,[],0,5.0,0.0
episode-001,7,4,[],0,5.0,0.0
episode-001,7,5,[],0,5.0,0.0
episode-001,7,6,[],0,5.0,0.0
episode-001,7,7,[],0,5.0,0.0
episode-001,7,8,[],0,5.0,0.0
episode-001,7,9,[],0,5.0,0.0
episode-001,7,10,[],0,5.0,0.0
episode-001,7,11,[],0,5.0,0.0
episode-001,7,12,[],0,5.0,0.0
episode-001,7,13,[],0,5.0,0.0
episode-001,7,14,[],0,5.0,0.0
episode-001,7,15,[],0,5.0,0.0
episode-001,7,16,[],0,5.0,0.0
episode-001,7,17,[],0,5.0,0.0
episode-001,7,18,[],0,5.0,0.0
episode-001,7,19,[],0,5.0,0.0
episode-001,7,20,[],0,5.0,0.0
episode-001,7,21,"[3, 5, 7, 8, 10, 11, 15, 16, 18, 19, 20]",11,30.0,2.727272727272727
episode-001,8,1,"[2, 4, 6, 7, 10, 12, 13, 14, 15, 17, 18, 19, 20]",13,5.0,0.38461538461538464
episode-001,8,2,[1],1,5.0,5.0
episode-001,8,3,[],0,5.0,0.0
episode-001,8,4,[],0,5.0,0.0
episode-001,8,5,[],0,5.0,0.0
episode-001,8,6,[],0,5.0,0.0
episode-001,8,7,[],0,5.0,0.0
episode-001,8,8,[],0,5.0,0.0
episode-001,8,9,[],0,5.0,0.0
episode-001,8,10,[],0,5.0,0.0
episode-001,8,11,[],0,5.0,0.0
episode-001,8,12,[],0,5.0,0.0
episode-001,8,13,[],0,5.0,0.0
episode-001,8,14,[],0,5.0,0.0
episode-001,8,15,[],0,5.0,0.0
episode-001,8,16,[],0,5.0,0.0
episode-001,8,17,[],0,5.0,0.0
episode-001,8,18,[],0,5.0,0.0
episode-001,8,19,[],0,5.0,0.0
episode-001,8,20,[],0,5.0,0.0
episode-001,8,21,"[1, 5, 7, 8, 10, 11, 15, 16, 18, 19, 20]",11,30.0,2.727272727272727
episode-001,9,1,"[2, 4, 5, 6, 7, 10, 12, 13, 14, 15, 17, 18, 19, 20]",14,5.0,0.35714285714285715
episode-001,9,2,[1],1,5.0,5.0
episode-001,9,3,[],0,5.0,0.0
episode-001,9,4,[],0,5.0,0.0
episode-001,9,5,[],0,5.0,0.0
episode-001,9,6,[],0,5.0,0.0
episode-001,9,7,[],0,5.0,0.0
episode-001,9,8,[],0,5.0,0.0
episode-001,9,9,[],0,5.0,0.0
episode-001,9,10,[],0,5.0,0.0
episode-001,9,11,[],0,5.0,0.0
episode-001,9,12,[],0,5.0,0.0
episode-001,9,13,[],0,5.0,0.0
episode-001,9,14,[],0,5.0,0.0
episode-001,9,15,[],0,5.0,0.0
episode-001,9,16,[],0,5.0,0.0
episode-001,9,17,[],0,5.0,0.0
episode-001,9,18,[],0,5.0,0.0
episode-001,9,19,[],0,5.0,0.0
episode-001,9,20,[],0,5.0,0.0
episode-001,9,21,"[1, 2, 5, 7, 8, 10, 11, 15, 16, 18, 19, 20]",12,30.0,2.5
episode-001,10,1,"[2, 4, 5, 6, 7, 10, 12, 13, 14, 15, 17, 18, 19, 20]",14,5.0,0.35714285714285715
episode-001,10,2,[1],1,5.0,5.0
episode-001,10,3,[],0,5.0,0.0
episode-001,10,4,[],0,5.0,0.0
episode-001,10,5,[],0,5.0,0.0
episode-001,10,6,[],0,5.0,0.0
episode-001,10,7,[],0,5.0,0.0
episode-001,10,8,[],0,5.0,0.0
episode-001,10,9,[],0,5.0,0.0
episode-001,10,10,[],0,5.0,0.0
episode-001,10,11,[],0,5.0,0.0
episode-001,10,12,[],0,5.0,0.0
episode-001,10,13,[],0,5.0,0.0
episode-001,10,14,[],0,5.0,0.0
episode-001,10,15,[],0,5.0,0.0
episode-001,10,16,[],0,5.0,0.0
episode-001,10,17,[],0,5.0,0.0
episode-001,10,18,[],0,5.0,0.0
episode-001,10,19,[],0,5.0,0.0
episode-001,10,20,[],0,5.0,0.0
episode-001,10,21,"[1, 2, 5, 7, 8, 9, 10, 11, 15, 16, 18, 19, 20]",13,30.0,2.3076923076923075
episode-001,11,1,"[2, 4, 5, 6, 7, 10, 12, 13, 14, 15, 17, 18, 19, 20]",14,5.0,0.35714285714285715
episode-001,11,2,[],0,5.0,0.0
episode-001,11,3,[],0,5.0,0.0
episode-001,11,4,[],0,5.0,0.0
episode-001,11,5,[],0,5.0,0.0
episode-001,11,6,[],0,5.0,0.0
episode-001,11,7,[],0,5.0,0.0
episode-001,11,8,[],0,5.0,0.0
episode-001,11,9,[],0,5.0,0.0
episode-001,11,10,[],0,5.0,0.0
episode-001,11,11,[],0,5.0,0.0
episode-001,11,12,[],0,5.0,0.0
episode-001,11,13,[],0,5.0,0.0
episode-001,11,14,[],0,5.0,0.0
episode-001,11,15,[],0,5.0,0.0
episode-001,11,16,[],0,5.0,0.0
episode-001,11,17,[],0,5.0,0.0
episode-001,11,18,[],0,5.0,0.0
episode-001,11,19,[],0,5.0,0.0
episode-001,11,20,[],0,5.0,0.0
episode-001,11,21,"[2, 5, 7, 8, 9, 10, 11, 15, 16, 17, 18, 19, 20]",13,30.0,2.3076923076923075
episode-001,12,1,"[2, 4, 5, 6, 7, 10, 11, 12, 13, 14, 15, 17, 18, 19, 20]",15,5.0,0.3333333333333333
episode-001,12,2,[],0,5.0,0.0
episode-001,12,3,[],0,5.0,0.0
episode-001,12,4,[],0,5.0,0.0
episode-001,12,5,[],0,5.0,0.0
episode-001,12,6,[],0,5.0,0.0
episode-001,12,7,[],0,5.0,0.0
episode-001,12,8,[],0,5.0,0.0
episode-001,12,9,[],0,5.0,0.0
episode-001,12,10,[],0,5.0,0.0
episode-001,12,11,[],0,5.0,0.0
episode-001,12,12,[],0,5.0,0.0
episode-001,12,13,[],0,5.0,0.0
episode-001,12,14,[],0,5.0,0.0
episode-001,12,15,[],0,5.0,0.0
episode-001,12,16,[],0,5.0,0.0
episode-001,12,17,[],0,5.0,0.0
episode-001,12,18,[],0,5.0,0.0
episode-001,12,19,[],0,5.0,0.0
episode-001,12,20,[],0,5.0,0.0
episode-001,12,21,"[2, 5, 7, 8, 9, 10, 11, 15, 16, 17, 18, 19, 20]",13,30.0,2.3076923076923075
episode-001,13,1,"[2, 4, 5, 6, 7, 10, 11, 12, 13, 14, 15, 17, 18, 19, 20]",15,5.0,0.3333333333333333
episode-001,13,2,[1],1,5.0,5.0
episode-001,13,3,[],0,5.0,0.0
episode-001,13,4,[],0,5.0,0.0
episode-001,13,5,[],0,5.0,0.0
episode-001,13,6,[],0,5.0,0.0
episode-001,13,7,[],0,5.0,0.0
episode-001,13,8,[],0,5.0,0.0
episode-001,13,9,[],0,5.0,0.0
episode-001,13,10,[],0,5.0,0.0
episode-001,13,11,[],0,5.0,0.0
episode-001,13,12,[],0,5.0,0.0
episode-001,13,13,[],0,5.0,0.0
episode-001,13,14,[],0,5.0,0.0
episode-001,13,15,[],0,5.0,0.0
episode-001,13,16,[],0,5.0,0.0
episode-001,13,17,[],0,5.0,0.0
episode-001,13,18,[],0,5.0,0.0
episode-001,13,19,[],0,5.0,0.0
episode-001,13,20,[],0,5.0,0.0
episode-001,13,21,"[2, 3, 5, 7, 8, 9, 10, 11, 15, 16, 17, 18, 19, 20]",14,30.0,2.142857142857143
episode-001,14,1,"[2, 3, 4, 5, 6, 7, 9, 10, 11, 12, 13, 14, 15, 16, 17, 18, 19, 20]",18,5.0,0.2777777777777778
episode-001,14,2,[1],1,5.0,5.0
episode-001,14,3,[],0,5.0,0.0
episode-001,14,4,[],0,5.0,0.0
episode-001,14,5,[],0,5.0,0.0
episode-001,14,6,[],0,5.0,0.0
episode-001,14,7,[],0,5.0,0.0
episode-001,14,8,[],0,5.0,0.0
episode-001,14,9,[],0,5.0,0.0
episode-001,14,10,[],0,5.0,0.0
episode-001,14,11,[],0,5.0,0.0
episode-001,14,12,[],0,5.0,0.0
episode-001,14,13,[],0,5.0,0.0
episode-001,14,14,[],0,5.0,0.0
episode-001,14,15,[],0,5.0,0.0
episode-001,14,16,[],0,5.0,0.0
episode-001,14,17,[],0,5.0,0.0
episode-001,14,18,[],0,5.0,0.0
episode-001,14,19,[],0,5.0,0.0
episode-001,14,20,[],0,5.0,0.0
episode-001,14,21,"[2, 3, 4, 5, 6, 7, 8, 9, 10, 11, 15, 16, 17, 18, 19, 20]",16,30.0,1.875
episode-001,15,1,"[2, 3, 4, 5, 6, 7, 9, 10, 11, 12, 13, 14, 15, 16, 17, 18, 19, 20]",18,5.0,0.2777777777777778
episode-001,15,2,[1],1,5.0,5.0
episode-001,15,3,[],0,5.0,0.0
episode-001,15,4,[],0,5.0,0.0
episode-001,15,5,[],0,5.0,0.0
episode-001,15,6,[],0,5.0,0.0
episode-001,15,7,[],0,5.0,0.0
episode-001,15,8,[],0,5.0,0.0
episode-001,15,9,[],0,5.0,0.0
episode-001,15,10,[],0,5.0,0.0
episode-001,15,11,[],0,5.0,0.0
episode-001,15,12,[],0,5.0,0.0
episode-001,15,13,[],0,5.0,0.0
episode-001,15,14,[],0,5.0,0.0
episode-001,15,15,[],0,5.0,0.0
episode-001,15,16,[],0,5.0,0.0
episode-001,15,17,[],0,5.0,0.0
episode-001,15,18,[],0,5.0,0.0
episode-001,15,19,[],0,5.0,0.0
episode-001,15,20,[],0,5.0,0.0
episode-001,15,21,"[2, 3, 4, 5, 6, 7, 8, 9, 10, 11, 15, 16, 17, 18, 19, 20]",16,30.0,1.875
episode-001,16,1,"[2, 3, 4, 5, 6, 7, 9, 10, 11, 12, 13, 14, 15, 16, 17, 18, 19, 20]",18,5.0,0.2777777777777778
episode-001,16,2,[],0,5.0,0.0
episode-001,16,3,[],0,5.0,0.0
episode-001,16,4,[],0,5.0,0.0
episode-001,16,5,[],0,5.0,0.0
episode-001,16,6,[],0,5.0,0.0
episode-001,16,7,[],0,5.0,0.0
episode-001,16,8,[],0,5.0,0.0
episode-001,16,9,[],0,5.0,0.0
episode-001,16,10,[],0,5.0,0.0
episode-001,16,11,[],0,5.0,0.0
episode-001,16,12,[],0,5.0,0.0
episode-001,16,13,[],0,5.0,0.0
episode-001,16,14,[],0,5.0,0.0
episode-001,16,15,[],0,5.0,0.0
episode-001,16,16,[],0,5.0,0.0
episode-001,16,17,[],0,5.0,0.0
episode-001,16,18,[],0,5.0,0.0
episode-001,16,19,[],0,5.0,0.0
episode-001,16,20,[],0,5.0,0.0
episode-001,16,21,"[2, 3, 4, 5, 6, 7, 8, 9, 10, 11, 14, 15, 16, 17, 18, 19, 20]",17,30.0,1.7647058823529411
episode-001,17,1,"[2, 3, 4, 5, 6, 7, 8, 9, 10, 11, 12, 13, 14, 15, 16, 17, 18, 19, 20]",19,5.0,0.2631578947368421
episode-001,17,2,[],0,5.0,0.0
episode-001,17,3,[],0,5.0,0.0
episode-001,17,4,[],0,5.0,0.0
episode-001,17,5,[],0,5.0,0.0
episode-001,17,6,[],0,5.0,0.0
episode-001,17,7,[],0,5.0,0.0
episode-001,17,8,[],0,5.0,0.0
episode-001,17,9,[],0,5.0,0.0
episode-001,17,10,[],0,5.0,0.0
episode-001,17,11,[],0,5.0,0.0
episode-001,17,12,[],0,5.0,0.0
episode-001,17,13,[],0,5.0,0.0
episode-001,17,14,[],0,5.0,0.0
episode-001,17,15,[],0,5.0,0.0
episode-001,17,16,[],0,5.0,0.0
episode-001,17,17,[],0,5.0,0.0
episode-001,17,18,[],0,5.0,0.0
episode-001,17,19,[],0,5.0,0.0
episode-001,17,20,[],0,5.0,0.0
episode-001,17,21,"[2, 3, 4, 5, 6, 7, 8, 9, 10, 11, 14, 15, 16, 17, 18, 19, 20]",17,30.0,1.7647058823529411
episode-001,18,1,"[2, 3, 4, 5, 6, 7, 8, 9, 10, 11, 12, 13, 14, 15, 16, 17, 18, 19, 20]",19,5.0,0.2631578947368421
episode-001,18,2,[],0,5.0,0.0
episode-001,18,3,[],0,5.0,0.0
episode-001,18,4,[],0,5.0,0.0
episode-001,18,5,[],0,5.0,0.0
episode-001,18,6,[],0,5.0,0.0
episode-001,18,7,[],0,5.0,0.0
episode-001,18,8,[],0,5.0,0.0
episode-001,18,9,[],0,5.0,0.0
episode-001,18,10,[],0,5.0,0.0
episode-001,18,11,[],0,5.0,0.0
episode-001,18,12,[],0,5.0,0.0
episode-001,18,13,[],0,5.0,0.0
episode-001,18,14,[],0,5.0,0.0
episode-001,18,15,[],0,5.0,0.0
episode-001,18,16,[],0,5.0,0.0
episode-001,18,17,[],0,5.0,0.0
episode-001,18,18,[],0,5.0,0.0
episode-001,18,19,[],0,5.0,0.0
episode-001,18,20,[],0,5.0,0.0
episode-001,18,21,"[2, 3, 4, 5, 6, 7, 8, 9, 10, 11, 14, 15, 16, 17, 18, 19, 20]",17,30.0,1.7647058823529411
episode-001,19,1,"[2, 3, 4, 5, 6, 7, 8, 9, 10, 11, 12, 13, 14, 15, 16, 17, 18, 19, 20]",19,5.0,0.2631578947368421
episode-001,19,2,[],0,5.0,0.0
episode-001,19,3,[],0,5.0,0.0
episode-001,19,4,[],0,5.0,0.0
episode-001,19,5,[],0,5.0,0.0
episode-001,19,6,[],0,5.0,0.0
episode-001,19,7,[],0,5.0,0.0
episode-001,19,8,[],0,5.0,0.0
episode-001,19,9,[],0,5.0,0.0
episode-001,19,10,[],0,5.0,0.0
episode-001,19,11,[],0,5.0,0.0
episode-001,19,12,[],0,5.0,0.0
episode-001,19,13,[],0,5.0,0.0
episode-001,19,14,[],0,5.0,0.0
episode-001,19,15,[],0,5.0,0.0
episode-001,19,16,[],0,5.0,0.0
episode-001,19,17,[],0,5.0,0.0
episode-001,19,18,[],0,5.0,0.0
episode-001,19,19,[],0,5.0,0.0
episode-001,19,20,[],0,5.0,0.0
episode-001,19,21,"[2, 3, 4, 5, 6, 7, 8, 9, 10, 11, 14, 15, 16, 17, 18, 19, 20]",17,30.0,1.7647058823529411
episode-001,20,1,"[2, 3, 4, 5, 6, 7, 8, 9, 10, 11, 12, 13, 14, 15, 16, 17, 18, 19, 20]",19,5.0,0.2631578947368421
episode-001,20,2,[],0,5.0,0.0
episode-001,20,3,[],0,5.0,0.0
episode-001,20,4,[],0,5.0,0.0
episode-001,20,5,[],0,5.0,0.0
episode-001,20,6,[],0,5.0,0.0
episode-001,20,7,[],0,5.0,0.0
episode-001,20,8,[],0,5.0,0.0
episode-001,20,9,[],0,5.0,0.0
episode-001,20,10,[],0,5.0,0.0
episode-001,20,11,[],0,5.0,0.0
episode-001,20,12,[],0,5.0,0.0
episode-001,20,13,[],0,5.0,0.0
episode-001,20,14,[],0,5.0,0.0
episode-001,20,15,[],0,5.0,0.0
episode-001,20,16,[],0,5.0,0.0
episode-001,20,17,[],0,5.0,0.0
episode-001,20,18,[],0,5.0,0.0
episode-001,20,19,[],0,5.0,0.0
episode-001,20,20,[],0,5.0,0.0
episode-001,20,21,"[2, 3, 4, 5, 6, 7, 8, 9, 10, 11, 14, 15, 16, 17, 18, 19, 20]",17,30.0,1.7647058823529411
episode-001,21,1,"[2, 3, 4, 5, 6, 7, 8, 9, 10, 11, 12, 13, 14, 15, 16, 17, 18, 19, 20]",19,5.0,0.2631578947368421
episode-001,21,2,[],0,5.0,0.0
episode-001,21,3,[],0,5.0,0.0
episode-001,21,4,[],0,5.0,0.0
episode-001,21,5,[],0,5.0,0.0
episode-001,21,6,[],0,5.0,0.0
episode-001,21,7,[],0,5.0,0.0
episode-001,21,8,[],0,5.0,0.0
episode-001,21,9,[],0,5.0,0.0
episode-001,21,10,[],0,5.0,0.0
episode-001,21,11,[],0,5.0,0.0
episode-001,21,12,[],0,5.0,0.0
episode-001,21,13,[],0,5.0,0.0
episode-001,21,14,[],0,5.0,0.0
episode-001,21,15,[],0,5.0,0.0
episode-001,21,16,[],0,5.0,0.0
episode-001,21,17,[],0,5.0,0.0
episode-001,21,18,[],0,5.0,0.0
episode-001,21,19,[],0,5.0,0.0
episode-001,21,20,[],0,5.0,0.0
episode-001,21,21,"[2, 3, 4, 5, 6, 7, 8, 9, 10, 11, 14, 15, 16, 17, 18, 19, 20]",17,30.0,1.7647058823529411
episode-001,22,1,"[2, 3, 4, 5, 6, 7, 8, 9, 10, 11, 12, 13, 14, 15, 16, 17, 18, 19, 20]",19,5.0,0.2631578947368421
episode-001,22,2,[],0,5.0,0.0
episode-001,22,3,[],0,5.0,0.0
episode-001,22,4,[],0,5.0,0.0
episode-001,22,5,[],0,5.0,0.0
episode-001,22,6,[],0,5.0,0.0
episode-001,22,7,[],0,5.0,0.0
episode-001,22,8,[],0,5.0,0.0
episode-001,22,9,[],0,5.0,0.0
episode-001,22,10,[],0,5.0,0.0
episode-001,22,11,[],0,5.0,0.0
episode-001,22,12,[],0,5.0,0.0
episode-001,22,13,[],0,5.0,0.0
episode-001,22,14,[],0,5.0,0.0
episode-001,22,15,[],0,5.0,0.0
episode-001,22,16,[],0,5.0,0.0
episode-001,22,17,[],0,5.0,0.0
episode-001,22,18,[],0,5.0,0.0
episode-001,22,19,[],0,5.0,0.0
episode-001,22,20,[],0,5.0,0.0
episode-001,22,21,"[2, 3, 4, 5, 6, 7, 8, 9, 10, 11, 14, 15, 16, 17, 18, 19, 20]",17,30.0,1.7647058823529411
episode-001,23,1,"[2, 3, 4, 5, 6, 7, 8, 9, 10, 11, 12, 13, 14, 15, 16, 17, 18, 19, 20]",19,5.0,0.2631578947368421
episode-001,23,2,[],0,5.0,0.0
episode-001,23,3,[],0,5.0,0.0
episode-001,23,4,[],0,5.0,0.0
episode-001,23,5,[],0,5.0,0.0
episode-001,23,6,[],0,5.0,0.0
episode-001,23,7,[],0,5.0,0.0
episode-001,23,8,[],0,5.0,0.0
episode-001,23,9,[],0,5.0,0.0
episode-001,23,10,[],0,5.0,0.0
episode-001,23,11,[],0,5.0,0.0
episode-001,23,12,[],0,5.0,0.0
episode-001,23,13,[],0,5.0,0.0
episode-001,23,14,[],0,5.0,0.0
episode-001,23,15,[],0,5.0,0.0
episode-001,23,16,[],0,5.0,0.0
episode-001,23,17,[],0,5.0,0.0
episode-001,23,18,[],0,5.0,0.0
episode-001,23,19,[],0,5.0,0.0
episode-001,23,20,[],0,5.0,0.0
episode-001,23,21,"[1, 2, 3, 4, 5, 6, 7, 8, 9, 10, 11, 14, 15, 16, 17, 18, 19, 20]",18,30.0,1.6666666666666667
episode-001,24,1,"[2, 3, 4, 5, 6, 7, 8, 9, 10, 11, 12, 13, 14, 15, 16, 17, 18, 19, 20]",19,5.0,0.2631578947368421
episode-001,24,2,[],0,5.0,0.0
episode-001,24,3,[],0,5.0,0.0
episode-001,24,4,[],0,5.0,0.0
episode-001,24,5,[],0,5.0,0.0
episode-001,24,6,[],0,5.0,0.0
episode-001,24,7,[],0,5.0,0.0
episode-001,24,8,[],0,5.0,0.0
episode-001,24,9,[],0,5.0,0.0
episode-001,24,10,[],0,5.0,0.0
episode-001,24,11,[],0,5.0,0.0
episode-001,24,12,[],0,5.0,0.0
episode-001,24,13,[],0,5.0,0.0
episode-001,24,14,[],0,5.0,0.0
episode-001,24,15,[],0,5.0,0.0
episode-001,24,16,[],0,5.0,0.0
episode-001,24,17,[],0,5.0,0.0
episode-001,24,18,[],0,5.0,0.0
episode-001,24,19,[],0,5.0,0.0
episode-001,24,20,[],0,5.0,0.0
episode-001,24,21,"[1, 2, 3, 4, 5, 6, 7, 8, 9, 10, 11, 13, 14, 15, 16, 17, 18, 19, 20]",19,30.0,1.5789473684210527
episode-001,25,1,"[2, 3, 4, 5, 6, 7, 8, 9, 10, 11, 12, 13, 14, 15, 16, 17, 18, 19, 20]",19,5.0,0.2631578947368421
episode-001,25,2,[1],1,5.0,5.0
episode-001,25,3,[],0,5.0,0.0
episode-001,25,4,[],0,5.0,0.0
episode-001,25,5,[],0,5.0,0.0
episode-001,25,6,[],0,5.0,0.0
episode-001,25,7,[],0,5.0,0.0
episode-001,25,8,[],0,5.0,0.0
episode-001,25,9,[],0,5.0,0.0
episode-001,25,10,[],0,5.0,0.0
episode-001,25,11,[],0,5.0,0.0
episode-001,25,12,[],0,5.0,0.0
episode-001,25,13,[],0,5.0,0.0
episode-001,25,14,[],0,5.0,0.0
episode-001,25,15,[],0,5.0,0.0
episode-001,25,16,[],0,5.0,0.0
episode-001,25,17,[],0,5.0,0.0
episode-001,25,18,[],0,5.0,0.0
episode-001,25,19,[],0,5.0,0.0
episode-001,25,20,[],0,5.0,0.0
episode-001,25,21,"[1, 2, 3, 4, 5, 6, 7, 8, 9, 10, 11, 13, 14, 15, 16, 17, 18, 19, 20]",19,30.0,1.5789473684210527
episode-001,26,1,"[2, 3, 4, 5, 6, 7, 8, 9, 10, 11, 12, 13, 14, 15, 16, 17, 18, 19, 20]",19,5.0,0.2631578947368421
episode-001,26,2,[1],1,5.0,5.0
episode-001,26,3,[],0,5.0,0.0
episode-001,26,4,[],0,5.0,0.0
episode-001,26,5,[],0,5.0,0.0
episode-001,26,6,[],0,5.0,0.0
episode-001,26,7,[],0,5.0,0.0
episode-001,26,8,[],0,5.0,0.0
episode-001,26,9,[],0,5.0,0.0
episode-001,26,10,[],0,5.0,0.0
episode-001,26,11,[],0,5.0,0.0
episode-001,26,12,[],0,5.0,0.0
episode-001,26,13,[],0,5.0,0.0
episode-001,26,14,[],0,5.0,0.0
episode-001,26,15,[],0,5.0,0.0
episode-001,26,16,[],0,5.0,0.0
episode-001,26,17,[],0,5.0,0.0
episode-001,26,18,[],0,5.0,0.0
episode-001,26,19,[],0,5.0,0.0
episode-001,26,20,[],0,5.0,0.0
episode-001,26,21,"[1, 2, 3, 4, 5, 6, 7, 8, 9, 10, 11, 13, 14, 15, 16, 17, 18, 19, 20]",19,30.0,1.5789473684210527
episode-001,27,1,"[2, 3, 4, 5, 6, 7, 8, 9, 10, 11, 12, 13, 14, 15, 16, 17, 18, 19, 20]",19,5.0,0.2631578947368421
episode-001,27,2,[],0,5.0,0.0
episode-001,27,3,[],0,5.0,0.0
episode-001,27,4,[],0,5.0,0.0
episode-001,27,5,[],0,5.0,0.0
episode-001,27,6,[],0,5.0,0.0
episode-001,27,7,[],0,5.0,0.0
episode-001,27,8,[],0,5.0,0.0
episode-001,27,9,[],0,5.0,0.0
episode-001,27,10,[],0,5.0,0.0
episode-001,27,11,[],0,5.0,0.0
episode-001,27,12,[],0,5.0,0.0
episode-001,27,13,[],0,5.0,0.0
episode-001,27,14,[],0,5.0,0.0
episode-001,27,15,[],0,5.0,0.0
episode-001,27,16,[],0,5.0,0.0
episode-001,27,17,[],0,5.0,0.0
episode-001,27,18,[],0,5.0,0.0
episode-001,27,19,[],0,5.0,0.0
episode-001,27,20,[],0,5.0,0.0
episode-001,27,21,"[1, 2, 3, 4, 5, 6, 7, 8, 9, 10, 11, 13, 14, 15, 16, 17, 18, 19, 20]",19,30.0,1.5789473684210527
episode-001,28,1,"[2, 3, 4, 5, 6, 7, 8, 9, 10, 11, 12, 13, 14, 15, 16, 17, 18, 19, 20]",19,5.0,0.2631578947368421
episode-001,28,2,[1],1,5.0,5.0
episode-001,28,3,[],0,5.0,0.0
episode-001,28,4,[],0,5.0,0.0
episode-001,28,5,[],0,5.0,0.0
episode-001,28,6,[],0,5.0,0.0
episode-001,28,7,[],0,5.0,0.0
episode-001,28,8,[],0,5.0,0.0
episode-001,28,9,[],0,5.0,0.0
episode-001,28,10,[],0,5.0,0.0
episode-001,28,11,[],0,5.0,0.0
episode-001,28,12,[],0,5.0,0.0
episode-001,28,13,[],0,5.0,0.0
episode-001,28,14,[],0,5.0,0.0
episode-001,28,15,[],0,5.0,0.0
episode-001,28,16,[],0,5.0,0.0
episode-001,28,17,[],0,5.0,0.0
episode-001,28,18,[],0,5.0,0.0
episode-001,28,19,[],0,5.0,0.0
episode-001,28,20,[],0,5.0,0.0
episode-001,28,21,"[1, 2, 3, 4, 5, 6, 7, 8, 9, 10, 11, 12, 13, 14, 15, 16, 17, 18, 19, 20]",20,30.0,1.5
episode-001,29,1,"[2, 3, 4, 5, 6, 7, 8, 9, 10, 11, 12, 13, 14, 15, 16, 17, 18, 19, 20]",19,5.0,0.2631578947368421
episode-001,29,2,[1],1,5.0,5.0
episode-001,29,3,[],0,5.0,0.0
episode-001,29,4,[],0,5.0,0.0
episode-001,29,5,[],0,5.0,0.0
episode-001,29,6,[],0,5.0,0.0
episode-001,29,7,[],0,5.0,0.0
episode-001,29,8,[],0,5.0,0.0
episode-001,29,9,[],0,5.0,0.0
episode-001,29,10,[],0,5.0,0.0
episode-001,29,11,[],0,5.0,0.0
episode-001,29,12,[],0,5.0,0.0
episode-001,29,13,[],0,5.0,0.0
episode-001,29,14,[],0,5.0,0.0
episode-001,29,15,[],0,5.0,0.0
episode-001,29,16,[],0,5.0,0.0
episode-001,29,17,[],0,5.0,0.0
episode-001,29,18,[],0,5.0,0.0
episode-001,29,19,[],0,5.0,0.0
episode-001,29,20,[],0,5.0,0.0
episode-001,29,21,"[1, 2, 3, 4, 5, 6, 7, 8, 9, 10, 11, 12, 13, 14, 15, 16, 17, 18, 19, 20]",20,30.0,1.5
episode-001,30,1,"[2, 3, 4, 5, 6, 7, 8, 9, 10, 11, 12, 13, 14, 15, 16, 17, 18, 19, 20]",19,5.0,0.2631578947368421
episode-001,30,2,[],0,5.0,0.0
episode-001,30,3,[],0,5.0,0.0
episode-001,30,4,[],0,5.0,0.0
episode-001,30,5,[],0,5.0,0.0
episode-001,30,6,[],0,5.0,0.0
episode-001,30,7,[],0,5.0,0.0
episode-001,30,8,[],0,5.0,0.0
episode-001,30,9,[],0,5.0,0.0
episode-001,30,10,[],0,5.0,0.0
episode-001,30,11,[],0,5.0,0.0
episode-001,30,12,[],0,5.0,0.0
episode-001,30,13,[],0,5.0,0.0
episode-001,30,14,[],0,5.0,0.0
episode-001,30,15,[],0,5.0,0.0
episode-001,30,16,[],0,5.0,0.0
episode-001,30,17,[],0,5.0,0.0
episode-001,30,18,[],0,5.0,0.0
episode-001,30,19,[],0,5.0,0.0
episode-001,30,20,[],0,5.0,0.0
episode-001,30,21,"[1, 2, 3, 4, 5, 6, 7, 8, 9, 10, 11, 12, 13, 14, 15, 16, 17, 18, 19, 20]",20,30.0,1.5
episode-001,31,1,"[2, 3, 4, 5, 6, 7, 8, 9, 10, 11, 12, 13, 14, 15, 16, 17, 18, 19, 20]",19,5.0,0.2631578947368421
episode-001,31,2,[],0,5.0,0.0
episode-001,31,3,[],0,5.0,0.0
episode-001,31,4,[],0,5.0,0.0
episode-001,31,5,[],0,5.0,0.0
episode-001,31,6,[],0,5.0,0.0
episode-001,31,7,[],0,5.0,0.0
episode-001,31,8,[],0,5.0,0.0
episode-001,31,9,[],0,5.0,0.0
episode-001,31,10,[],0,5.0,0.0
episode-001,31,11,[],0,5.0,0.0
episode-001,31,12,[],0,5.0,0.0
episode-001,31,13,[],0,5.0,0.0
episode-001,31,14,[],0,5.0,0.0
episode-001,31,15,[],0,5.0,0.0
episode-001,31,16,[],0,5.0,0.0
episode-001,31,17,[],0,5.0,0.0
episode-001,31,18,[],0,5.0,0.0
episode-001,31,19,[],0,5.0,0.0
episode-001,31,20,[],0,5.0,0.0
episode-001,31,21,"[1, 2, 3, 4, 5, 6, 7, 8, 9, 10, 11, 12, 13, 14, 15, 16, 17, 18, 19, 20]",20,30.0,1.5
episode-001,32,1,"[2, 3, 4, 5, 6, 7, 8, 9, 10, 11, 12, 13, 14, 15, 16, 17, 18, 19, 20]",19,5.0,0.2631578947368421
episode-001,32,2,[],0,5.0,0.0
episode-001,32,3,[],0,5.0,0.0
episode-001,32,4,[],0,5.0,0.0
episode-001,32,5,[],0,5.0,0.0
episode-001,32,6,[],0,5.0,0.0
episode-001,32,7,[],0,5.0,0.0
episode-001,32,8,[],0,5.0,0.0
episode-001,32,9,[],0,5.0,0.0
episode-001,32,10,[],0,5.0,0.0
episode-001,32,11,[],0,5.0,0.0
episode-001,32,12,[],0,5.0,0.0
episode-001,32,13,[],0,5.0,0.0
episode-001,32,14,[],0,5.0,0.0
episode-001,32,15,[],0,5.0,0.0
episode-001,32,16,[],0,5.0,0.0
episode-001,32,17,[],0,5.0,0.0
episode-001,32,18,[],0,5.0,0.0
episode-001,32,19,[],0,5.0,0.0
episode-001,32,20,[],0,5.0,0.0
episode-001,32,21,"[1, 3, 4, 5, 6, 7, 8, 9, 10, 11, 12, 13, 14, 15, 16, 17, 18, 19, 20]",19,30.0,1.5789473684210527
episode-001,33,1,"[2, 3, 4, 5, 6, 7, 8, 9, 10, 11, 12, 13, 14, 15, 16, 17, 18, 19, 20]",19,5.0,0.2631578947368421
episode-001,33,2,[1],1,5.0,5.0
episode-001,33,3,[],0,5.0,0.0
episode-001,33,4,[],0,5.0,0.0
episode-001,33,5,[],0,5.0,0.0
episode-001,33,6,[],0,5.0,0.0
episode-001,33,7,[],0,5.0,0.0
episode-001,33,8,[],0,5.0,0.0
episode-001,33,9,[],0,5.0,0.0
episode-001,33,10,[],0,5.0,0.0
episode-001,33,11,[],0,5.0,0.0
episode-001,33,12,[],0,5.0,0.0
episode-001,33,13,[],0,5.0,0.0
episode-001,33,14,[],0,5.0,0.0
episode-001,33,15,[],0,5.0,0.0
episode-001,33,16,[],0,5.0,0.0
episode-001,33,17,[],0,5.0,0.0
episode-001,33,18,[],0,5.0,0.0
episode-001,33,19,[],0,5.0,0.0
episode-001,33,20,[],0,5.0,0.0
episode-001,33,21,"[1, 3, 4, 5, 6, 7, 8, 9, 10, 11, 12, 13, 14, 15, 16, 17, 18, 19, 20]",19,30.0,1.5789473684210527
episode-001,34,1,"[2, 3, 4, 5, 6, 7, 8, 9, 10, 11, 12, 13, 14, 15, 16, 17, 18, 19, 20]",19,5.0,0.2631578947368421
episode-001,34,2,[1],1,5.0,5.0
episode-001,34,3,[],0,5.0,0.0
episode-001,34,4,[],0,5.0,0.0
episode-001,34,5,[],0,5.0,0.0
episode-001,34,6,[],0,5.0,0.0
episode-001,34,7,[],0,5.0,0.0
episode-001,34,8,[],0,5.0,0.0
episode-001,34,9,[],0,5.0,0.0
episode-001,34,10,[],0,5.0,0.0
episode-001,34,11,[],0,5.0,0.0
episode-001,34,12,[],0,5.0,0.0
episode-001,34,13,[],0,5.0,0.0
episode-001,34,14,[],0,5.0,0.0
episode-001,34,15,[],0,5.0,0.0
episode-001,34,16,[],0,5.0,0.0
episode-001,34,17,[],0,5.0,0.0
episode-001,34,18,[],0,5.0,0.0
episode-001,34,19,[],0,5.0,0.0
episode-001,34,20,[],0,5.0,0.0
episode-001,34,21,"[1, 3, 4, 5, 6, 7, 8, 9, 10, 11, 12, 13, 14, 15, 16, 17, 18, 19, 20]",19,30.0,1.5789473684210527
episode-001,35,1,"[2, 3, 4, 5, 6, 7, 8, 9, 10, 11, 12, 13, 14, 15, 16, 17, 18, 19, 20]",19,5.0,0.2631578947368421
episode-001,35,2,[],0,5.0,0.0
episode-001,35,3,[],0,5.0,0.0
episode-001,35,4,[],0,5.0,0.0
episode-001,35,5,[],0,5.0,0.0
episode-001,35,6,[],0,5.0,0.0
episode-001,35,7,[],0,5.0,0.0
episode-001,35,8,[],0,5.0,0.0
episode-001,35,9,[],0,5.0,0.0
episode-001,35,10,[],0,5.0,0.0
episode-001,35,11,[],0,5.0,0.0
episode-001,35,12,[],0,5.0,0.0
episode-001,35,13,[],0,5.0,0.0
episode-001,35,14,[],0,5.0,0.0
episode-001,35,15,[],0,5.0,0.0
episode-001,35,16,[],0,5.0,0.0
episode-001,35,17,[],0,5.0,0.0
episode-001,35,18,[],0,5.0,0.0
episode-001,35,19,[],0,5.0,0.0
episode-001,35,20,[],0,5.0,0.0
episode-001,35,21,"[1, 3, 4, 5, 6, 7, 8, 9, 10, 11, 12, 13, 14, 15, 16, 17, 18, 19, 20]",19,30.0,1.5789473684210527
episode-001,36,1,"[2, 3, 4, 5, 6, 7, 8, 9, 10, 11, 12, 13, 14, 15, 16, 17, 18, 19, 20]",19,5.0,0.2631578947368421
episode-001,36,2,[],0,5.0,0.0
episode-001,36,3,[],0,5.0,0.0
episode-001,36,4,[],0,5.0,0.0
episode-001,36,5,[],0,5.0,0.0
episode-001,36,6,[],0,5.0,0.0
episode-001,36,7,[],0,5.0,0.0
episode-001,36,8,[],0,5.0,0.0
episode-001,36,9,[],0,5.0,0.0
episode-001,36,10,[],0,5.0,0.0
episode-001,36,11,[],0,5.0,0.0
episode-001,36,12,[],0,5.0,0.0
episode-001,36,13,[],0,5.0,0.0
episode-001,36,14,[],0,5.0,0.0
episode-001,36,15,[],0,5.0,0.0
episode-001,36,16,[],0,5.0,0.0
episode-001,36,17,[],0,5.0,0.0
episode-001,36,18,[],0,5.0,0.0
episode-001,36,19,[],0,5.0,0.0
episode-001,36,20,[],0,5.0,0.0
episode-001,36,21,"[1, 3, 4, 5, 6, 7, 8, 9, 10, 11, 12, 13, 14, 15, 16, 17, 18, 19, 20]",19,30.0,1.5789473684210527
episode-001,37,1,"[2, 3, 4, 5, 6, 7, 8, 9, 10, 11, 12, 13, 14, 15, 16, 17, 18, 19, 20]",19,5.0,0.2631578947368421
episode-001,37,2,[],0,5.0,0.0
episode-001,37,3,[],0,5.0,0.0
episode-001,37,4,[],0,5.0,0.0
episode-001,37,5,[],0,5.0,0.0
episode-001,37,6,[],0,5.0,0.0
episode-001,37,7,[],0,5.0,0.0
episode-001,37,8,[],0,5.0,0.0
episode-001,37,9,[],0,5.0,0.0
episode-001,37,10,[],0,5.0,0.0
episode-001,37,11,[],0,5.0,0.0
episode-001,37,12,[],0,5.0,0.0
episode-001,37,13,[],0,5.0,0.0
episode-001,37,14,[],0,5.0,0.0
episode-001,37,15,[],0,5.0,0.0
episode-001,37,16,[],0,5.0,0.0
episode-001,37,17,[],0,5.0,0.0
episode-001,37,18,[],0,5.0,0.0
episode-001,37,19,[],0,5.0,0.0
episode-001,37,20,[],0,5.0,0.0
episode-001,37,21,"[1, 3, 4, 5, 6, 7, 8, 9, 10, 11, 12, 13, 14, 15, 16, 17, 18, 19, 20]",19,30.0,1.5789473684210527
episode-001,38,1,"[2, 3, 4, 5, 6, 7, 8, 9, 10, 11, 12, 13, 14, 15, 16, 17, 18, 19, 20]",19,5.0,0.2631578947368421
episode-001,38,2,[],0,5.0,0.0
episode-001,38,3,[],0,5.0,0.0
episode-001,38,4,[],0,5.0,0.0
episode-001,38,5,[],0,5.0,0.0
episode-001,38,6,[],0,5.0,0.0
episode-001,38,7,[],0,5.0,0.0
episode-001,38,8,[],0,5.0,0.0
episode-001,38,9,[],0,5.0,0.0
episode-001,38,10,[],0,5.0,0.0
episode-001,38,11,[],0,5.0,0.0
episode-001,38,12,[],0,5.0,0.0
episode-001,38,13,[],0,5.0,0.0
episode-001,38,14,[],0,5.0,0.0
episode-001,38,15,[],0,5.0,0.0
episode-001,38,16,[],0,5.0,0.0
episode-001,38,17,[],0,5.0,0.0
episode-001,38,18,[],0,5.0,0.0
episode-001,38,19,[],0,5.0,0.0
episode-001,38,20,[],0,5.0,0.0
episode-001,38,21,"[1, 3, 4, 5, 6, 7, 8, 9, 10, 11, 12, 13, 14, 15, 16, 17, 18, 19, 20]",19,30.0,1.5789473684210527
episode-001,39,1,"[2, 3, 4, 5, 6, 7, 8, 9, 10, 11, 12, 13, 14, 15, 16, 17, 18, 19, 20]",19,5.0,0.2631578947368421
episode-001,39,2,[],0,5.0,0.0
episode-001,39,3,[],0,5.0,0.0
episode-001,39,4,[],0,5.0,0.0
episode-001,39,5,[],0,5.0,0.0
episode-001,39,6,[],0,5.0,0.0
episode-001,39,7,[],0,5.0,0.0
episode-001,39,8,[],0,5.0,0.0
episode-001,39,9,[],0,5.0,0.0
episode-001,39,10,[],0,5.0,0.0
episode-001,39,11,[],0,5.0,0.0
episode-001,39,12,[],0,5.0,0.0
episode-001,39,13,[],0,5.0,0.0
episode-001,39,14,[],0,5.0,0.0
episode-001,39,15,[],0,5.0,0.0
episode-001,39,16,[],0,5.0,0.0
episode-001,39,17,[],0,5.0,0.0
episode-001,39,18,[],0,5.0,0.0
episode-001,39,19,[],0,5.0,0.0
episode-001,39,20,[],0,5.0,0.0
episode-001,39,21,"[1, 3, 4, 5, 6, 7, 8, 9, 10, 11, 12, 13, 14, 15, 16, 17, 18, 19, 20]",19,30.0,1.5789473684210527
episode-001,40,1,"[2, 3, 4, 5, 6, 7, 8, 9, 10, 11, 12, 13, 14, 15, 16, 17, 18, 19, 20]",19,5.0,0.2631578947368421
episode-001,40,2,[],0,5.0,0.0
episode-001,40,3,[],0,5.0,0.0
episode-001,40,4,[],0,5.0,0.0
episode-001,40,5,[],0,5.0,0.0
episode-001,40,6,[],0,5.0,0.0
episode-001,40,7,[],0,5.0,0.0
episode-001,40,8,[],0,5.0,0.0
episode-001,40,9,[],0,5.0,0.0
episode-001,40,10,[],0,5.0,0.0
episode-001,40,11,[],0,5.0,0.0
episode-001,40,12,[],0,5.0,0.0
episode-001,40,13,[],0,5.0,0.0
episode-001,40,14,[],0,5.0,0.0
episode-001,40,15,[],0,5.0,0.0
episode-001,40,16,[],0,5.0,0.0
episode-001,40,17,[],0,5.0,0.0
episode-001,40,18,[],0,5.0,0.0
episode-001,40,19,[],0,5.0,0.0
episode-001,40,20,[],0,5.0,0.0
episode-001,40,21,"[1, 3, 4, 5, 6, 7, 8, 9, 10, 11, 12, 13, 14, 15, 16, 17, 18, 19, 20]",19,30.0,1.5789473684210527
episode-001,41,1,"[2, 3, 4, 5, 6, 7, 8, 9, 10, 11, 12, 13, 14, 15, 16, 17, 18, 19, 20]",19,5.0,0.2631578947368421
episode-001,41,2,[],0,5.0,0.0
episode-001,41,3,[],0,5.0,0.0
episode-001,41,4,[],0,5.0,0.0
episode-001,41,5,[],0,5.0,0.0
episode-001,41,6,[],0,5.0,0.0
episode-001,41,7,[],0,5.0,0.0
episode-001,41,8,[],0,5.0,0.0
episode-001,41,9,[],0,5.0,0.0
episode-001,41,10,[],0,5.0,0.0
episode-001,41,11,[],0,5.0,0.0
episode-001,41,12,[],0,5.0,0.0
episode-001,41,13,[],0,5.0,0.0
episode-001,41,14,[],0,5.0,0.0
episode-001,41,15,[],0,5.0,0.0
episode-001,41,16,[],0,5.0,0.0
episode-001,41,17,[],0,5.0,0.0
episode-001,41,18,[],0,5.0,0.0
episode-001,41,19,[],0,5.0,0.0
episode-001,41,20,[],0,5.0,0.0
episode-001,41,21,"[1, 3, 4, 5, 6, 7, 8, 9, 10, 11, 12, 13, 14, 15, 16, 17, 18, 19, 20]",19,30.0,1.5789473684210527
episode-001,42,1,"[2, 3, 4, 5, 6, 7, 8, 9, 10, 11, 12, 13, 14, 15, 16, 17, 18, 19, 20]",19,5.0,0.2631578947368421
episode-001,42,2,[1],1,5.0,5.0
episode-001,42,3,[],0,5.0,0.0
episode-001,42,4,[],0,5.0,0.0
episode-001,42,5,[],0,5.0,0.0
episode-001,42,6,[],0,5.0,0.0
episode-001,42,7,[],0,5.0,0.0
episode-001,42,8,[],0,5.0,0.0
episode-001,42,9,[],0,5.0,0.0
episode-001,42,10,[],0,5.0,0.0
episode-001,42,11,[],0,5.0,0.0
episode-001,42,12,[],0,5.0,0.0
episode-001,42,13,[],0,5.0,0.0
episode-001,42,14,[],0,5.0,0.0
episode-001,42,15,[],0,5.0,0.0
episode-001,42,16,[],0,5.0,0.0
episode-001,42,17,[],0,5.0,0.0
episode-001,42,18,[],0,5.0,0.0
episode-001,42,19,[],0,5.0,0.0
episode-001,42,20,[],0,5.0,0.0
episode-001,42,21,"[1, 3, 4, 5, 6, 7, 8, 9, 10, 11, 12, 13, 14, 15, 16, 17, 18, 19, 20]",19,30.0,1.5789473684210527
episode-001,43,1,"[2, 3, 4, 5, 6, 7, 8, 9, 10, 11, 12, 13, 14, 15, 16, 17, 18, 19, 20]",19,5.0,0.2631578947368421
episode-001,43,2,[1],1,5.0,5.0
episode-001,43,3,[],0,5.0,0.0
episode-001,43,4,[],0,5.0,0.0
episode-001,43,5,[],0,5.0,0.0
episode-001,43,6,[],0,5.0,0.0
episode-001,43,7,[],0,5.0,0.0
episode-001,43,8,[],0,5.0,0.0
episode-001,43,9,[],0,5.0,0.0
episode-001,43,10,[],0,5.0,0.0
episode-001,43,11,[],0,5.0,0.0
episode-001,43,12,[],0,5.0,0.0
episode-001,43,13,[],0,5.0,0.0
episode-001,43,14,[],0,5.0,0.0
episode-001,43,15,[],0,5.0,0.0
episode-001,43,16,[],0,5.0,0.0
episode-001,43,17,[],0,5.0,0.0
episode-001,43,18,[],0,5.0,0.0
episode-001,43,19,[],0,5.0,0.0
episode-001,43,20,[],0,5.0,0.0
episode-001,43,21,"[1, 3, 4, 5, 6, 7, 8, 9, 10, 11, 12, 13, 14, 15, 16, 17, 18, 19, 20]",19,30.0,1.5789473684210527
episode-001,44,1,"[2, 3, 4, 5, 6, 7, 8, 9, 10, 11, 12, 13, 14, 15, 16, 17, 18, 19, 20]",19,5.0,0.2631578947368421
episode-001,44,2,[],0,5.0,0.0
episode-001,44,3,[],0,5.0,0.0
episode-001,44,4,[],0,5.0,0.0
episode-001,44,5,[],0,5.0,0.0
episode-001,44,6,[],0,5.0,0.0
episode-001,44,7,[],0,5.0,0.0
episode-001,44,8,[],0,5.0,0.0
episode-001,44,9,[],0,5.0,0.0
episode-001,44,10,[],0,5.0,0.0
episode-001,44,11,[],0,5.0,0.0
episode-001,44,12,[],0,5.0,0.0
episode-001,44,13,[],0,5.0,0.0
episode-001,44,14,[],0,5.0,0.0
episode-001,44,15,[],0,5.0,0.0
episode-001,44,16,[],0,5.0,0.0
episode-001,44,17,[],0,5.0,0.0
episode-001,44,18,[],0,5.0,0.0
episode-001,44,19,[],0,5.0,0.0
episode-001,44,20,[],0,5.0,0.0
episode-001,44,21,"[1, 3, 4, 5, 6, 7, 8, 9, 10, 11, 12, 13, 14, 15, 16, 17, 18, 19, 20]",19,30.0,1.5789473684210527
episode-001,45,1,"[2, 3, 4, 5, 6, 7, 8, 9, 10, 11, 12, 13, 14, 15, 16, 17, 18, 19, 20]",19,5.0,0.2631578947368421
episode-001,45,2,[1],1,5.0,5.0
episode-001,45,3,[],0,5.0,0.0
episode-001,45,4,[],0,5.0,0.0
episode-001,45,5,[],0,5.0,0.0
episode-001,45,6,[],0,5.0,0.0
episode-001,45,7,[],0,5.0,0.0
episode-001,45,8,[],0,5.0,0.0
episode-001,45,9,[],0,5.0,0.0
episode-001,45,10,[],0,5.0,0.0
episode-001,45,11,[],0,5.0,0.0
episode-001,45,12,[],0,5.0,0.0
episode-001,45,13,[],0,5.0,0.0
episode-001,45,14,[],0,5.0,0.0
episode-001,45,15,[],0,5.0,0.0
episode-001,45,16,[],0,5.0,0.0
episode-001,45,17,[],0,5.0,0.0
episode-001,45,18,[],0,5.0,0.0
episode-001,45,19,[],0,5.0,0.0
episode-001,45,20,[],0,5.0,0.0
episode-001,45,21,"[1, 3, 4, 5, 6, 7, 8, 9, 10, 11, 12, 13, 14, 15, 16, 17, 18, 19, 20]",19,30.0,1.5789473684210527
episode-001,46,1,"[2, 3, 4, 5, 6, 7, 8, 9, 10, 11, 12, 13, 14, 15, 16, 17, 18, 19, 20]",19,5.0,0.2631578947368421
episode-001,46,2,[1],1,5.0,5.0
episode-001,46,3,[],0,5.0,0.0
episode-001,46,4,[],0,5.0,0.0
episode-001,46,5,[],0,5.0,0.0
episode-001,46,6,[],0,5.0,0.0
episode-001,46,7,[],0,5.0,0.0
episode-001,46,8,[],0,5.0,0.0
episode-001,46,9,[],0,5.0,0.0
episode-001,46,10,[],0,5.0,0.0
episode-001,46,11,[],0,5.0,0.0
episode-001,46,12,[],0,5.0,0.0
episode-001,46,13,[],0,5.0,0.0
episode-001,46,14,[],0,5.0,0.0
episode-001,46,15,[],0,5.0,0.0
episode-001,46,16,[],0,5.0,0.0
episode-001,46,17,[],0,5.0,0.0
episode-001,46,18,[],0,5.0,0.0
episode-001,46,19,[],0,5.0,0.0
episode-001,46,20,[],0,5.0,0.0
episode-001,46,21,"[1, 3, 4, 5, 6, 7, 8, 9, 10, 11, 12, 13, 14, 15, 16, 17, 18, 19, 20]",19,30.0,1.5789473684210527
episode-001,47,1,"[2, 3, 4, 5, 6, 7, 8, 9, 10, 11, 12, 13, 14, 15, 16, 17, 18, 19, 20]",19,5.0,0.2631578947368421
episode-001,47,2,[1],1,5.0,5.0
episode-001,47,3,[],0,5.0,0.0
episode-001,47,4,[],0,5.0,0.0
episode-001,47,5,[],0,5.0,0.0
episode-001,47,6,[],0,5.0,0.0
episode-001,47,7,[],0,5.0,0.0
episode-001,47,8,[],0,5.0,0.0
episode-001,47,9,[],0,5.0,0.0
episode-001,47,10,[],0,5.0,0.0
episode-001,47,11,[],0,5.0,0.0
episode-001,47,12,[],0,5.0,0.0
episode-001,47,13,[],0,5.0,0.0
episode-001,47,14,[],0,5.0,0.0
episode-001,47,15,[],0,5.0,0.0
episode-001,47,16,[],0,5.0,0.0
episode-001,47,17,[],0,5.0,0.0
episode-001,47,18,[],0,5.0,0.0
episode-001,47,19,[],0,5.0,0.0
episode-001,47,20,[],0,5.0,0.0
episode-001,47,21,"[1, 3, 4, 5, 6, 7, 8, 9, 10, 11, 12, 13, 14, 15, 16, 17, 18, 19, 20]",19,30.0,1.5789473684210527
episode-001,48,1,"[2, 3, 4, 5, 6, 7, 8, 9, 10, 11, 12, 13, 14, 15, 16, 17, 18, 19, 20]",19,5.0,0.2631578947368421
episode-001,48,2,[1],1,5.0,5.0
episode-001,48,3,[],0,5.0,0.0
episode-001,48,4,[],0,5.0,0.0
episode-001,48,5,[],0,5.0,0.0
episode-001,48,6,[],0,5.0,0.0
episode-001,48,7,[],0,5.0,0.0
episode-001,48,8,[],0,5.0,0.0
episode-001,48,9,[],0,5.0,0.0
episode-001,48,10,[],0,5.0,0.0
episode-001,48,11,[],0,5.0,0.0
episode-001,48,12,[],0,5.0,0.0
episode-001,48,13,[],0,5.0,0.0
episode-001,48,14,[],0,5.0,0.0
episode-001,48,15,[],0,5.0,0.0
episode-001,48,16,[],0,5.0,0.0
episode-001,48,17,[],0,5.0,0.0
episode-001,48,18,[],0,5.0,0.0
episode-001,48,19,[],0,5.0,0.0
episode-001,48,20,[],0,5.0,0.0
episode-001,48,21,"[1, 3, 4, 5, 6, 7, 8, 9, 10, 11, 12, 13, 14, 15, 16, 17, 18, 19, 20]",19,30.0,1.5789473684210527
episode-001,49,1,"[2, 3, 4, 5, 6, 7, 8, 9, 10, 11, 12, 13, 14, 15, 16, 17, 18, 19, 20]",19,5.0,0.2631578947368421
episode-001,49,2,[1],1,5.0,5.0
episode-001,49,3,[],0,5.0,0.0
episode-001,49,4,[],0,5.0,0.0
episode-001,49,5,[],0,5.0,0.0
episode-001,49,6,[],0,5.0,0.0
episode-001,49,7,[],0,5.0,0.0
episode-001,49,8,[],0,5.0,0.0
episode-001,49,9,[],0,5.0,0.0
episode-001,49,10,[],0,5.0,0.0
episode-001,49,11,[],0,5.0,0.0
episode-001,49,12,[],0,5.0,0.0
episode-001,49,13,[],0,5.0,0.0
episode-001,49,14,[],0,5.0,0.0
episode-001,49,15,[],0,5.0,0.0
episode-001,49,16,[],0,5.0,0.0
episode-001,49,17,[],0,5.0,0.0
episode-001,49,18,[],0,5.0,0.0
episode-001,49,19,[],0,5.0,0.0
episode-001,49,20,[],0,5.0,0.0
episode-001,49,21,"[1, 2, 3, 4, 5, 6, 7, 8, 9, 10, 11, 12, 13, 14, 15, 16, 17, 18, 19, 20]",20,30.0,1.5
episode-001,50,1,"[2, 3, 4, 5, 6, 7, 8, 9, 10, 11, 12, 13, 14, 15, 16, 17, 18, 19, 20]",19,5.0,0.2631578947368421
episode-001,50,2,[1],1,5.0,5.0
episode-001,50,3,[],0,5.0,0.0
episode-001,50,4,[],0,5.0,0.0
episode-001,50,5,[],0,5.0,0.0
episode-001,50,6,[],0,5.0,0.0
episode-001,50,7,[],0,5.0,0.0
episode-001,50,8,[],0,5.0,0.0
episode-001,50,9,[],0,5.0,0.0
episode-001,50,10,[],0,5.0,0.0
episode-001,50,11,[],0,5.0,0.0
episode-001,50,12,[],0,5.0,0.0
episode-001,50,13,[],0,5.0,0.0
episode-001,50,14,[],0,5.0,0.0
episode-001,50,15,[],0,5.0,0.0
episode-001,50,16,[],0,5.0,0.0
episode-001,50,17,[],0,5.0,0.0
episode-001,50,18,[],0,5.0,0.0
episode-001,50,19,[],0,5.0,0.0
episode-001,50,20,[],0,5.0,0.0
episode-001,50,21,"[1, 2, 3, 4, 5, 6, 7, 8, 9, 10, 11, 12, 13, 14, 15, 16, 17, 18, 19, 20]",20,30.0,1.5
episode-001,51,1,"[2, 3, 4, 5, 6, 7, 8, 9, 10, 11, 12, 13, 14, 15, 16, 17, 18, 19, 20]",19,5.0,0.2631578947368421
episode-001,51,2,[],0,5.0,0.0
episode-001,51,3,[],0,5.0,0.0
episode-001,51,4,[],0,5.0,0.0
episode-001,51,5,[],0,5.0,0.0
episode-001,51,6,[],0,5.0,0.0
episode-001,51,7,[],0,5.0,0.0
episode-001,51,8,[],0,5.0,0.0
episode-001,51,9,[],0,5.0,0.0
episode-001,51,10,[],0,5.0,0.0
episode-001,51,11,[],0,5.0,0.0
episode-001,51,12,[],0,5.0,0.0
episode-001,51,13,[],0,5.0,0.0
episode-001,51,14,[],0,5.0,0.0
episode-001,51,15,[],0,5.0,0.0
episode-001,51,16,[],0,5.0,0.0
episode-001,51,17,[],0,5.0,0.0
episode-001,51,18,[],0,5.0,0.0
episode-001,51,19,[],0,5.0,0.0
episode-001,51,20,[],0,5.0,0.0
episode-001,51,21,"[2, 3, 4, 5, 6, 7, 8, 9, 10, 11, 12, 13, 14, 15, 16, 17, 18, 19, 20]",19,30.0,1.5789473684210527
episode-001,52,1,"[2, 3, 4, 5, 6, 7, 8, 9, 10, 11, 12, 13, 14, 15, 16, 17, 18, 19, 20]",19,5.0,0.2631578947368421
episode-001,52,2,[],0,5.0,0.0
episode-001,52,3,[],0,5.0,0.0
episode-001,52,4,[],0,5.0,0.0
episode-001,52,5,[],0,5.0,0.0
episode-001,52,6,[],0,5.0,0.0
episode-001,52,7,[],0,5.0,0.0
episode-001,52,8,[],0,5.0,0.0
episode-001,52,9,[],0,5.0,0.0
episode-001,52,10,[],0,5.0,0.0
episode-001,52,11,[],0,5.0,0.0
episode-001,52,12,[],0,5.0,0.0
episode-001,52,13,[],0,5.0,0.0
episode-001,52,14,[],0,5.0,0.0
episode-001,52,15,[],0,5.0,0.0
episode-001,52,16,[],0,5.0,0.0
episode-001,52,17,[],0,5.0,0.0
episode-001,52,18,[],0,5.0,0.0
episode-001,52,19,[],0,5.0,0.0
episode-001,52,20,[],0,5.0,0.0
episode-001,52,21,"[2, 3, 4, 5, 6, 7, 8, 9, 10, 11, 12, 13, 14, 15, 16, 17, 18, 19, 20]",19,30.0,1.5789473684210527
episode-001,53,1,"[2, 3, 4, 5, 6, 7, 8, 9, 10, 11, 12, 13, 14, 15, 16, 17, 18, 19, 20]",19,5.0,0.2631578947368421
episode-001,53,2,[],0,5.0,0.0
episode-001,53,3,[],0,5.0,0.0
episode-001,53,4,[],0,5.0,0.0
episode-001,53,5,[],0,5.0,0.0
episode-001,53,6,[],0,5.0,0.0
episode-001,53,7,[],0,5.0,0.0
episode-001,53,8,[],0,5.0,0.0
episode-001,53,9,[],0,5.0,0.0
episode-001,53,10,[],0,5.0,0.0
episode-001,53,11,[],0,5.0,0.0
episode-001,53,12,[],0,5.0,0.0
episode-001,53,13,[],0,5.0,0.0
episode-001,53,14,[],0,5.0,0.0
episode-001,53,15,[],0,5.0,0.0
episode-001,53,16,[],0,5.0,0.0
episode-001,53,17,[],0,5.0,0.0
episode-001,53,18,[],0,5.0,0.0
episode-001,53,19,[],0,5.0,0.0
episode-001,53,20,[],0,5.0,0.0
episode-001,53,21,"[2, 3, 4, 5, 6, 7, 8, 9, 10, 11, 12, 13, 14, 15, 16, 17, 18, 19, 20]",19,30.0,1.5789473684210527
episode-001,54,1,"[2, 3, 4, 5, 6, 7, 8, 9, 10, 11, 12, 13, 14, 15, 16, 17, 18, 19, 20]",19,5.0,0.2631578947368421
episode-001,54,2,[],0,5.0,0.0
episode-001,54,3,[],0,5.0,0.0
episode-001,54,4,[],0,5.0,0.0
episode-001,54,5,[],0,5.0,0.0
episode-001,54,6,[],0,5.0,0.0
episode-001,54,7,[],0,5.0,0.0
episode-001,54,8,[],0,5.0,0.0
episode-001,54,9,[],0,5.0,0.0
episode-001,54,10,[],0,5.0,0.0
episode-001,54,11,[],0,5.0,0.0
episode-001,54,12,[],0,5.0,0.0
episode-001,54,13,[],0,5.0,0.0
episode-001,54,14,[],0,5.0,0.0
episode-001,54,15,[],0,5.0,0.0
episode-001,54,16,[],0,5.0,0.0
episode-001,54,17,[],0,5.0,0.0
episode-001,54,18,[],0,5.0,0.0
episode-001,54,19,[],0,5.0,0.0
episode-001,54,20,[],0,5.0,0.0
episode-001,54,21,"[1, 2, 3, 4, 5, 6, 7, 8, 9, 10, 11, 12, 13, 14, 15, 16, 17, 18, 19, 20]",20,30.0,1.5
episode-001,55,1,"[2, 3, 4, 5, 6, 7, 8, 9, 10, 11, 12, 13, 14, 15, 16, 17, 18, 19, 20]",19,5.0,0.2631578947368421
episode-001,55,2,[1],1,5.0,5.0
episode-001,55,3,[],0,5.0,0.0
episode-001,55,4,[],0,5.0,0.0
episode-001,55,5,[],0,5.0,0.0
episode-001,55,6,[],0,5.0,0.0
episode-001,55,7,[],0,5.0,0.0
episode-001,55,8,[],0,5.0,0.0
episode-001,55,9,[],0,5.0,0.0
episode-001,55,10,[],0,5.0,0.0
episode-001,55,11,[],0,5.0,0.0
episode-001,55,12,[],0,5.0,0.0
episode-001,55,13,[],0,5.0,0.0
episode-001,55,14,[],0,5.0,0.0
episode-001,55,15,[],0,5.0,0.0
episode-001,55,16,[],0,5.0,0.0
episode-001,55,17,[],0,5.0,0.0
episode-001,55,18,[],0,5.0,0.0
episode-001,55,19,[],0,5.0,0.0
episode-001,55,20,[],0,5.0,0.0
episode-001,55,21,"[1, 2, 3, 4, 5, 6, 7, 8, 9, 10, 11, 12, 13, 14, 15, 16, 17, 18, 19, 20]",20,30.0,1.5
episode-001,56,1,"[2, 3, 4, 5, 6, 7, 8, 9, 10, 11, 12, 13, 14, 15, 16, 17, 18, 19, 20]",19,5.0,0.2631578947368421
episode-001,56,2,[1],1,5.0,5.0
episode-001,56,3,[],0,5.0,0.0
episode-001,56,4,[],0,5.0,0.0
episode-001,56,5,[],0,5.0,0.0
episode-001,56,6,[],0,5.0,0.0
episode-001,56,7,[],0,5.0,0.0
episode-001,56,8,[],0,5.0,0.0
episode-001,56,9,[],0,5.0,0.0
episode-001,56,10,[],0,5.0,0.0
episode-001,56,11,[],0,5.0,0.0
episode-001,56,12,[],0,5.0,0.0
episode-001,56,13,[],0,5.0,0.0
episode-001,56,14,[],0,5.0,0.0
episode-001,56,15,[],0,5.0,0.0
episode-001,56,16,[],0,5.0,0.0
episode-001,56,17,[],0,5.0,0.0
episode-001,56,18,[],0,5.0,0.0
episode-001,56,19,[],0,5.0,0.0
episode-001,56,20,[],0,5.0,0.0
episode-001,56,21,"[1, 2, 3, 4, 5, 6, 7, 8, 9, 10, 11, 12, 13, 14, 15, 16, 17, 18, 19, 20]",20,30.0,1.5
episode-001,57,1,"[2, 3, 4, 5, 6, 7, 8, 9, 10, 11, 12, 13, 14, 15, 16, 17, 18, 19, 20]",19,5.0,0.2631578947368421
episode-001,57,2,[1],1,5.0,5.0
episode-001,57,3,[],0,5.0,0.0
episode-001,57,4,[],0,5.0,0.0
episode-001,57,5,[],0,5.0,0.0
episode-001,57,6,[],0,5.0,0.0
episode-001,57,7,[],0,5.0,0.0
episode-001,57,8,[],0,5.0,0.0
episode-001,57,9,[],0,5.0,0.0
episode-001,57,10,[],0,5.0,0.0
episode-001,57,11,[],0,5.0,0.0
episode-001,57,12,[],0,5.0,0.0
episode-001,57,13,[],0,5.0,0.0
episode-001,57,14,[],0,5.0,0.0
episode-001,57,15,[],0,5.0,0.0
episode-001,57,16,[],0,5.0,0.0
episode-001,57,17,[],0,5.0,0.0
episode-001,57,18,[],0,5.0,0.0
episode-001,57,19,[],0,5.0,0.0
episode-001,57,20,[],0,5.0,0.0
episode-001,57,21,"[1, 2, 3, 4, 5, 6, 7, 8, 9, 10, 11, 12, 13, 14, 15, 16, 17, 18, 19, 20]",20,30.0,1.5
episode-001,58,1,"[2, 3, 4, 5, 6, 7, 8, 9, 10, 11, 12, 13, 14, 15, 16, 17, 18, 19, 20]",19,5.0,0.2631578947368421
episode-001,58,2,[],0,5.0,0.0
episode-001,58,3,[],0,5.0,0.0
episode-001,58,4,[],0,5.0,0.0
episode-001,58,5,[],0,5.0,0.0
episode-001,58,6,[],0,5.0,0.0
episode-001,58,7,[],0,5.0,0.0
episode-001,58,8,[],0,5.0,0.0
episode-001,58,9,[],0,5.0,0.0
episode-001,58,10,[],0,5.0,0.0
episode-001,58,11,[],0,5.0,0.0
episode-001,58,12,[],0,5.0,0.0
episode-001,58,13,[],0,5.0,0.0
episode-001,58,14,[],0,5.0,0.0
episode-001,58,15,[],0,5.0,0.0
episode-001,58,16,[],0,5.0,0.0
episode-001,58,17,[],0,5.0,0.0
episode-001,58,18,[],0,5.0,0.0
episode-001,58,19,[],0,5.0,0.0
episode-001,58,20,[],0,5.0,0.0
episode-001,58,21,"[1, 2, 3, 4, 5, 6, 7, 8, 9, 10, 11, 12, 13, 14, 15, 16, 17, 18, 19, 20]",20,30.0,1.5
episode-001,59,1,"[2, 3, 4, 5, 6, 7, 8, 9, 10, 11, 12, 13, 14, 15, 16, 17, 18, 19, 20]",19,5.0,0.2631578947368421
episode-001,59,2,[],0,5.0,0.0
episode-001,59,3,[],0,5.0,0.0
episode-001,59,4,[],0,5.0,0.0
episode-001,59,5,[],0,5.0,0.0
episode-001,59,6,[],0,5.0,0.0
episode-001,59,7,[],0,5.0,0.0
episode-001,59,8,[],0,5.0,0.0
episode-001,59,9,[],0,5.0,0.0
episode-001,59,10,[],0,5.0,0.0
episode-001,59,11,[],0,5.0,0.0
episode-001,59,12,[],0,5.0,0.0
episode-001,59,13,[],0,5.0,0.0
episode-001,59,14,[],0,5.0,0.0
episode-001,59,15,[],0,5.0,0.0
episode-001,59,16,[],0,5.0,0.0
episode-001,59,17,[],0,5.0,0.0
episode-001,59,18,[],0,5.0,0.0
episode-001,59,19,[],0,5.0,0.0
episode-001,59,20,[],0,5.0,0.0
episode-001,59,21,"[1, 2, 3, 4, 5, 6, 7, 8, 9, 10, 11, 12, 13, 14, 15, 16, 17, 18, 19, 20]",20,30.0,1.5
episode-001,60,1,"[2, 3, 4, 5, 6, 7, 8, 9, 10, 11, 12, 13, 14, 15, 16, 17, 18, 19, 20]",19,5.0,0.2631578947368421
episode-001,60,2,[],0,5.0,0.0
episode-001,60,3,[],0,5.0,0.0
episode-001,60,4,[],0,5.0,0.0
episode-001,60,5,[],0,5.0,0.0
episode-001,60,6,[],0,5.0,0.0
episode-001,60,7,[],0,5.0,0.0
episode-001,60,8,[],0,5.0,0.0
episode-001,60,9,[],0,5.0,0.0
episode-001,60,10,[],0,5.0,0.0
episode-001,60,11,[],0,5.0,0.0
episode-001,60,12,[],0,5.0,0.0
episode-001,60,13,[],0,5.0,0.0
episode-001,60,14,[],0,5.0,0.0
episode-001,60,15,[],0,5.0,0.0
episode-001,60,16,[],0,5.0,0.0
episode-001,60,17,[],0,5.0,0.0
episode-001,60,18,[],0,5.0,0.0
episode-001,60,19,[],0,5.0,0.0
episode-001,60,20,[],0,5.0,0.0
episode-001,60,21,"[1, 2, 3, 4, 5, 6, 7, 8, 9, 10, 11, 12, 13, 14, 15, 16, 17, 18, 19, 20]",20,30.0,1.5
episode-001,61,1,"[2, 3, 4, 5, 6, 7, 8, 9, 10, 11, 12, 13, 14, 15, 16, 17, 18, 19, 20]",19,5.0,0.2631578947368421
episode-001,61,2,[],0,5.0,0.0
episode-001,61,3,[],0,5.0,0.0
episode-001,61,4,[],0,5.0,0.0
episode-001,61,5,[],0,5.0,0.0
episode-001,61,6,[],0,5.0,0.0
episode-001,61,7,[],0,5.0,0.0
episode-001,61,8,[],0,5.0,0.0
episode-001,61,9,[],0,5.0,0.0
episode-001,61,10,[],0,5.0,0.0
episode-001,61,11,[],0,5.0,0.0
episode-001,61,12,[],0,5.0,0.0
episode-001,61,13,[],0,5.0,0.0
episode-001,61,14,[],0,5.0,0.0
episode-001,61,15,[],0,5.0,0.0
episode-001,61,16,[],0,5.0,0.0
episode-001,61,17,[],0,5.0,0.0
episode-001,61,18,[],0,5.0,0.0
episode-001,61,19,[],0,5.0,0.0
episode-001,61,20,[],0,5.0,0.0
episode-001,61,21,"[1, 2, 3, 4, 5, 6, 7, 8, 9, 10, 11, 12, 13, 14, 15, 16, 17, 18, 19, 20]",20,30.0,1.5
episode-001,62,1,"[2, 3, 4, 5, 6, 7, 8, 9, 10, 11, 12, 13, 14, 15, 16, 17, 18, 19, 20]",19,5.0,0.2631578947368421
episode-001,62,2,[1],1,5.0,5.0
episode-001,62,3,[],0,5.0,0.0
episode-001,62,4,[],0,5.0,0.0
episode-001,62,5,[],0,5.0,0.0
episode-001,62,6,[],0,5.0,0.0
episode-001,62,7,[],0,5.0,0.0
episode-001,62,8,[],0,5.0,0.0
episode-001,62,9,[],0,5.0,0.0
episode-001,62,10,[],0,5.0,0.0
episode-001,62,11,[],0,5.0,0.0
episode-001,62,12,[],0,5.0,0.0
episode-001,62,13,[],0,5.0,0.0
episode-001,62,14,[],0,5.0,0.0
episode-001,62,15,[],0,5.0,0.0
episode-001,62,16,[],0,5.0,0.0
episode-001,62,17,[],0,5.0,0.0
episode-001,62,18,[],0,5.0,0.0
episode-001,62,19,[],0,5.0,0.0
episode-001,62,20,[],0,5.0,0.0
episode-001,62,21,"[1, 2, 3, 4, 5, 6, 7, 8, 9, 10, 11, 12, 13, 14, 15, 16, 17, 18, 19, 20]",20,30.0,1.5
episode-001,63,1,"[2, 3, 4, 5, 6, 7, 8, 9, 10, 11, 12, 13, 14, 15, 16, 17, 18, 19, 20]",19,5.0,0.2631578947368421
episode-001,63,2,[1],1,5.0,5.0
episode-001,63,3,[],0,5.0,0.0
episode-001,63,4,[],0,5.0,0.0
episode-001,63,5,[],0,5.0,0.0
episode-001,63,6,[],0,5.0,0.0
episode-001,63,7,[],0,5.0,0.0
episode-001,63,8,[],0,5.0,0.0
episode-001,63,9,[],0,5.0,0.0
episode-001,63,10,[],0,5.0,0.0
episode-001,63,11,[],0,5.0,0.0
episode-001,63,12,[],0,5.0,0.0
episode-001,63,13,[],0,5.0,0.0
episode-001,63,14,[],0,5.0,0.0
episode-001,63,15,[],0,5.0,0.0
episode-001,63,16,[],0,5.0,0.0
episode-001,63,17,[],0,5.0,0.0
episode-001,63,18,[],0,5.0,0.0
episode-001,63,19,[],0,5.0,0.0
episode-001,63,20,[],0,5.0,0.0
episode-001,63,21,"[1, 2, 3, 4, 5, 6, 7, 8, 9, 10, 11, 12, 13, 14, 15, 16, 17, 18, 19, 20]",20,30.0,1.5
episode-001,64,1,"[2, 3, 4, 5, 6, 7, 8, 9, 10, 11, 12, 13, 14, 15, 16, 17, 18, 19, 20]",19,5.0,0.2631578947368421
episode-001,64,2,[],0,5.0,0.0
episode-001,64,3,[],0,5.0,0.0
episode-001,64,4,[],0,5.0,0.0
episode-001,64,5,[],0,5.0,0.0
episode-001,64,6,[],0,5.0,0.0
episode-001,64,7,[],0,5.0,0.0
episode-001,64,8,[],0,5.0,0.0
episode-001,64,9,[],0,5.0,0.0
episode-001,64,10,[],0,5.0,0.0
episode-001,64,11,[],0,5.0,0.0
episode-001,64,12,[],0,5.0,0.0
episode-001,64,13,[],0,5.0,0.0
episode-001,64,14,[],0,5.0,0.0
episode-001,64,15,[],0,5.0,0.0
episode-001,64,16,[],0,5.0,0.0
episode-001,64,17,[],0,5.0,0.0
episode-001,64,18,[],0,5.0,0.0
episode-001,64,19,[],0,5.0,0.0
episode-001,64,20,[],0,5.0,0.0
episode-001,64,21,"[1, 2, 3, 4, 5, 6, 7, 8, 9, 10, 11, 12, 13, 14, 15, 16, 17, 18, 19, 20]",20,30.0,1.5
episode-001,65,1,"[2, 3, 4, 5, 6, 7, 8, 9, 10, 11, 12, 13, 14, 15, 16, 17, 18, 19, 20]",19,5.0,0.2631578947368421
episode-001,65,2,[],0,5.0,0.0
episode-001,65,3,[],0,5.0,0.0
episode-001,65,4,[],0,5.0,0.0
episode-001,65,5,[],0,5.0,0.0
episode-001,65,6,[],0,5.0,0.0
episode-001,65,7,[],0,5.0,0.0
episode-001,65,8,[],0,5.0,0.0
episode-001,65,9,[],0,5.0,0.0
episode-001,65,10,[],0,5.0,0.0
episode-001,65,11,[],0,5.0,0.0
episode-001,65,12,[],0,5.0,0.0
episode-001,65,13,[],0,5.0,0.0
episode-001,65,14,[],0,5.0,0.0
episode-001,65,15,[],0,5.0,0.0
episode-001,65,16,[],0,5.0,0.0
episode-001,65,17,[],0,5.0,0.0
episode-001,65,18,[],0,5.0,0.0
episode-001,65,19,[],0,5.0,0.0
episode-001,65,20,[],0,5.0,0.0
episode-001,65,21,"[1, 2, 3, 4, 5, 6, 7, 8, 9, 10, 11, 12, 13, 14, 15, 16, 17, 18, 19, 20]",20,30.0,1.5
episode-001,66,1,"[2, 3, 4, 5, 6, 7, 8, 9, 10, 11, 12, 13, 14, 15, 16, 17, 18, 19, 20]",19,5.0,0.2631578947368421
episode-001,66,2,[],0,5.0,0.0
episode-001,66,3,[],0,5.0,0.0
episode-001,66,4,[],0,5.0,0.0
episode-001,66,5,[],0,5.0,0.0
episode-001,66,6,[],0,5.0,0.0
episode-001,66,7,[],0,5.0,0.0
episode-001,66,8,[],0,5.0,0.0
episode-001,66,9,[],0,5.0,0.0
episode-001,66,10,[],0,5.0,0.0
episode-001,66,11,[],0,5.0,0.0
episode-001,66,12,[],0,5.0,0.0
episode-001,66,13,[],0,5.0,0.0
episode-001,66,14,[],0,5.0,0.0
episode-001,66,15,[],0,5.0,0.0
episode-001,66,16,[],0,5.0,0.0
episode-001,66,17,[],0,5.0,0.0
episode-001,66,18,[],0,5.0,0.0
episode-001,66,19,[],0,5.0,0.0
episode-001,66,20,[],0,5.0,0.0
episode-001,66,21,"[1, 2, 3, 4, 5, 6, 7, 8, 9, 10, 11, 12, 13, 14, 15, 16, 17, 18, 19, 20]",20,30.0,1.5
episode-001,67,1,"[2, 3, 4, 5, 6, 7, 8, 9, 10, 11, 12, 13, 14, 15, 16, 17, 18, 19, 20]",19,5.0,0.2631578947368421
episode-001,67,2,[],0,5.0,0.0
episode-001,67,3,[],0,5.0,0.0
episode-001,67,4,[],0,5.0,0.0
episode-001,67,5,[],0,5.0,0.0
episode-001,67,6,[],0,5.0,0.0
episode-001,67,7,[],0,5.0,0.0
episode-001,67,8,[],0,5.0,0.0
episode-001,67,9,[],0,5.0,0.0
episode-001,67,10,[],0,5.0,0.0
episode-001,67,11,[],0,5.0,0.0
episode-001,67,12,[],0,5.0,0.0
episode-001,67,13,[],0,5.0,0.0
episode-001,67,14,[],0,5.0,0.0
episode-001,67,15,[],0,5.0,0.0
episode-001,67,16,[],0,5.0,0.0
episode-001,67,17,[],0,5.0,0.0
episode-001,67,18,[],0,5.0,0.0
episode-001,67,19,[],0,5.0,0.0
episode-001,67,20,[],0,5.0,0.0
episode-001,67,21,"[1, 2, 3, 4, 5, 6, 7, 8, 9, 10, 11, 12, 13, 14, 15, 16, 17, 18, 19, 20]",20,30.0,1.5
episode-001,68,1,"[2, 3, 4, 5, 6, 7, 8, 9, 10, 11, 12, 13, 14, 15, 16, 17, 18, 19, 20]",19,5.0,0.2631578947368421
episode-001,68,2,[],0,5.0,0.0
episode-001,68,3,[],0,5.0,0.0
episode-001,68,4,[],0,5.0,0.0
episode-001,68,5,[],0,5.0,0.0
episode-001,68,6,[],0,5.0,0.0
episode-001,68,7,[],0,5.0,0.0
episode-001,68,8,[],0,5.0,0.0
episode-001,68,9,[],0,5.0,0.0
episode-001,68,10,[],0,5.0,0.0
episode-001,68,11,[],0,5.0,0.0
episode-001,68,12,[],0,5.0,0.0
episode-001,68,13,[],0,5.0,0.0
episode-001,68,14,[],0,5.0,0.0
episode-001,68,15,[],0,5.0,0.0
episode-001,68,16,[],0,5.0,0.0
episode-001,68,17,[],0,5.0,0.0
episode-001,68,18,[],0,5.0,0.0
episode-001,68,19,[],0,5.0,0.0
episode-001,68,20,[],0,5.0,0.0
episode-001,68,21,"[1, 2, 3, 4, 5, 6, 7, 8, 9, 10, 11, 12, 13, 14, 15, 16, 17, 18, 19, 20]",20,30.0,1.5
episode-001,69,1,"[2, 3, 4, 5, 6, 7, 8, 9, 10, 11, 12, 13, 14, 15, 16, 17, 18, 19, 20]",19,5.0,0.2631578947368421
episode-001,69,2,[1],1,5.0,5.0
episode-001,69,3,[],0,5.0,0.0
episode-001,69,4,[],0,5.0,0.0
episode-001,69,5,[],0,5.0,0.0
episode-001,69,6,[],0,5.0,0.0
episode-001,69,7,[],0,5.0,0.0
episode-001,69,8,[],0,5.0,0.0
episode-001,69,9,[],0,5.0,0.0
episode-001,69,10,[],0,5.0,0.0
episode-001,69,11,[],0,5.0,0.0
episode-001,69,12,[],0,5.0,0.0
episode-001,69,13,[],0,5.0,0.0
episode-001,69,14,[],0,5.0,0.0
episode-001,69,15,[],0,5.0,0.0
episode-001,69,16,[],0,5.0,0.0
episode-001,69,17,[],0,5.0,0.0
episode-001,69,18,[],0,5.0,0.0
episode-001,69,19,[],0,5.0,0.0
episode-001,69,20,[],0,5.0,0.0
episode-001,69,21,"[1, 2, 3, 4, 5, 6, 7, 8, 9, 10, 11, 12, 13, 14, 15, 16, 17, 18, 19, 20]",20,30.0,1.5
episode-001,70,1,"[2, 3, 4, 5, 6, 7, 8, 9, 10, 11, 12, 13, 14, 15, 16, 17, 18, 19, 20]",19,5.0,0.2631578947368421
episode-001,70,2,[1],1,5.0,5.0
episode-001,70,3,[],0,5.0,0.0
episode-001,70,4,[],0,5.0,0.0
episode-001,70,5,[],0,5.0,0.0
episode-001,70,6,[],0,5.0,0.0
episode-001,70,7,[],0,5.0,0.0
episode-001,70,8,[],0,5.0,0.0
episode-001,70,9,[],0,5.0,0.0
episode-001,70,10,[],0,5.0,0.0
episode-001,70,11,[],0,5.0,0.0
episode-001,70,12,[],0,5.0,0.0
episode-001,70,13,[],0,5.0,0.0
episode-001,70,14,[],0,5.0,0.0
episode-001,70,15,[],0,5.0,0.0
episode-001,70,16,[],0,5.0,0.0
episode-001,70,17,[],0,5.0,0.0
episode-001,70,18,[],0,5.0,0.0
episode-001,70,19,[],0,5.0,0.0
episode-001,70,20,[],0,5.0,0.0
episode-001,70,21,"[1, 2, 3, 4, 5, 6, 7, 8, 9, 10, 11, 12, 13, 14, 15, 16, 17, 18, 19, 20]",20,30.0,1.5
episode-001,71,1,"[2, 3, 4, 5, 6, 7, 8, 9, 10, 11, 12, 13, 14, 15, 16, 17, 18, 19, 20]",19,5.0,0.2631578947368421
episode-001,71,2,[1],1,5.0,5.0
episode-001,71,3,[],0,5.0,0.0
episode-001,71,4,[],0,5.0,0.0
episode-001,71,5,[],0,5.0,0.0
episode-001,71,6,[],0,5.0,0.0
episode-001,71,7,[],0,5.0,0.0
episode-001,71,8,[],0,5.0,0.0
episode-001,71,9,[],0,5.0,0.0
episode-001,71,10,[],0,5.0,0.0
episode-001,71,11,[],0,5.0,0.0
episode-001,71,12,[],0,5.0,0.0
episode-001,71,13,[],0,5.0,0.0
episode-001,71,14,[],0,5.0,0.0
episode-001,71,15,[],0,5.0,0.0
episode-001,71,16,[],0,5.0,0.0
episode-001,71,17,[],0,5.0,0.0
episode-001,71,18,[],0,5.0,0.0
episode-001,71,19,[],0,5.0,0.0
episode-001,71,20,[],0,5.0,0.0
episode-001,71,21,"[1, 2, 3, 4, 5, 6, 7, 8, 9, 10, 11, 12, 13, 14, 15, 16, 17, 18, 19, 20]",20,30.0,1.5
episode-001,72,1,"[2, 3, 4, 5, 6, 7, 8, 9, 10, 11, 12, 13, 14, 15, 16, 17, 18, 19, 20]",19,5.0,0.2631578947368421
episode-001,72,2,[1],1,5.0,5.0
episode-001,72,3,[],0,5.0,0.0
episode-001,72,4,[],0,5.0,0.0
episode-001,72,5,[],0,5.0,0.0
episode-001,72,6,[],0,5.0,0.0
episode-001,72,7,[],0,5.0,0.0
episode-001,72,8,[],0,5.0,0.0
episode-001,72,9,[],0,5.0,0.0
episode-001,72,10,[],0,5.0,0.0
episode-001,72,11,[],0,5.0,0.0
episode-001,72,12,[],0,5.0,0.0
episode-001,72,13,[],0,5.0,0.0
episode-001,72,14,[],0,5.0,0.0
episode-001,72,15,[],0,5.0,0.0
episode-001,72,16,[],0,5.0,0.0
episode-001,72,17,[],0,5.0,0.0
episode-001,72,18,[],0,5.0,0.0
episode-001,72,19,[],0,5.0,0.0
episode-001,72,20,[],0,5.0,0.0
episode-001,72,21,"[1, 2, 3, 4, 5, 6, 7, 8, 9, 10, 11, 12, 13, 14, 15, 16, 17, 18, 19, 20]",20,30.0,1.5
episode-001,73,1,"[2, 3, 4, 5, 6, 7, 8, 9, 10, 11, 12, 13, 14, 15, 16, 17, 18, 19, 20]",19,5.0,0.2631578947368421
episode-001,73,2,[1],1,5.0,5.0
episode-001,73,3,[],0,5.0,0.0
episode-001,73,4,[],0,5.0,0.0
episode-001,73,5,[],0,5.0,0.0
episode-001,73,6,[],0,5.0,0.0
episode-001,73,7,[],0,5.0,0.0
episode-001,73,8,[],0,5.0,0.0
episode-001,73,9,[],0,5.0,0.0
episode-001,73,10,[],0,5.0,0.0
episode-001,73,11,[],0,5.0,0.0
episode-001,73,12,[],0,5.0,0.0
episode-001,73,13,[],0,5.0,0.0
episode-001,73,14,[],0,5.0,0.0
episode-001,73,15,[],0,5.0,0.0
episode-001,73,16,[],0,5.0,0.0
episode-001,73,17,[],0,5.0,0.0
episode-001,73,18,[],0,5.0,0.0
episode-001,73,19,[],0,5.0,0.0
episode-001,73,20,[],0,5.0,0.0
episode-001,73,21,"[1, 2, 3, 4, 5, 6, 7, 8, 9, 10, 11, 12, 13, 14, 15, 16, 17, 18, 19, 20]",20,30.0,1.5
episode-001,74,1,"[2, 3, 4, 5, 6, 7, 8, 9, 10, 11, 12, 13, 14, 15, 16, 17, 18, 19, 20]",19,5.0,0.2631578947368421
episode-001,74,2,[1],1,5.0,5.0
episode-001,74,3,[],0,5.0,0.0
episode-001,74,4,[],0,5.0,0.0
episode-001,74,5,[],0,5.0,0.0
episode-001,74,6,[],0,5.0,0.0
episode-001,74,7,[],0,5.0,0.0
episode-001,74,8,[],0,5.0,0.0
episode-001,74,9,[],0,5.0,0.0
episode-001,74,10,[],0,5.0,0.0
episode-001,74,11,[],0,5.0,0.0
episode-001,74,12,[],0,5.0,0.0
episode-001,74,13,[],0,5.0,0.0
episode-001,74,14,[],0,5.0,0.0
episode-001,74,15,[],0,5.0,0.0
episode-001,74,16,[],0,5.0,0.0
episode-001,74,17,[],0,5.0,0.0
episode-001,74,18,[],0,5.0,0.0
episode-001,74,19,[],0,5.0,0.0
episode-001,74,20,[],0,5.0,0.0
episode-001,74,21,"[1, 2, 3, 4, 5, 6, 7, 8, 9, 10, 11, 12, 13, 14, 15, 16, 17, 18, 19, 20]",20,30.0,1.5
episode-001,75,1,"[2, 3, 4, 5, 6, 7, 8, 9, 10, 11, 12, 13, 14, 15, 16, 17, 18, 19, 20]",19,5.0,0.2631578947368421
episode-001,75,2,[],0,5.0,0.0
episode-001,75,3,[],0,5.0,0.0
episode-001,75,4,[],0,5.0,0.0
episode-001,75,5,[],0,5.0,0.0
episode-001,75,6,[],0,5.0,0.0
episode-001,75,7,[],0,5.0,0.0
episode-001,75,8,[],0,5.0,0.0
episode-001,75,9,[],0,5.0,0.0
episode-001,75,10,[],0,5.0,0.0
episode-001,75,11,[],0,5.0,0.0
episode-001,75,12,[],0,5.0,0.0
episode-001,75,13,[],0,5.0,0.0
episode-001,75,14,[],0,5.0,0.0
episode-001,75,15,[],0,5.0,0.0
episode-001,75,16,[],0,5.0,0.0
episode-001,75,17,[],0,5.0,0.0
episode-001,75,18,[],0,5.0,0.0
episode-001,75,19,[],0,5.0,0.0
episode-001,75,20,[],0,5.0,0.0
episode-001,75,21,"[1, 2, 3, 4, 5, 6, 7, 8, 9, 10, 11, 12, 13, 14, 15, 16, 17, 18, 19, 20]",20,30.0,1.5
episode-001,76,1,"[2, 3, 4, 5, 6, 7, 8, 9, 10, 11, 12, 13, 14, 15, 16, 17, 18, 19, 20]",19,5.0,0.2631578947368421
episode-001,76,2,[],0,5.0,0.0
episode-001,76,3,[],0,5.0,0.0
episode-001,76,4,[],0,5.0,0.0
episode-001,76,5,[],0,5.0,0.0
episode-001,76,6,[],0,5.0,0.0
episode-001,76,7,[],0,5.0,0.0
episode-001,76,8,[],0,5.0,0.0
episode-001,76,9,[],0,5.0,0.0
episode-001,76,10,[],0,5.0,0.0
episode-001,76,11,[],0,5.0,0.0
episode-001,76,12,[],0,5.0,0.0
episode-001,76,13,[],0,5.0,0.0
episode-001,76,14,[],0,5.0,0.0
episode-001,76,15,[],0,5.0,0.0
episode-001,76,16,[],0,5.0,0.0
episode-001,76,17,[],0,5.0,0.0
episode-001,76,18,[],0,5.0,0.0
episode-001,76,19,[],0,5.0,0.0
episode-001,76,20,[],0,5.0,0.0
episode-001,76,21,"[1, 2, 3, 4, 5, 6, 7, 8, 9, 10, 11, 12, 13, 14, 15, 16, 17, 18, 19, 20]",20,30.0,1.5
episode-001,77,1,"[2, 3, 4, 5, 6, 7, 8, 9, 10, 11, 12, 13, 14, 15, 16, 17, 18, 19, 20]",19,5.0,0.2631578947368421
episode-001,77,2,[],0,5.0,0.0
episode-001,77,3,[],0,5.0,0.0
episode-001,77,4,[],0,5.0,0.0
episode-001,77,5,[],0,5.0,0.0
episode-001,77,6,[],0,5.0,0.0
episode-001,77,7,[],0,5.0,0.0
episode-001,77,8,[],0,5.0,0.0
episode-001,77,9,[],0,5.0,0.0
episode-001,77,10,[],0,5.0,0.0
episode-001,77,11,[],0,5.0,0.0
episode-001,77,12,[],0,5.0,0.0
episode-001,77,13,[],0,5.0,0.0
episode-001,77,14,[],0,5.0,0.0
episode-001,77,15,[],0,5.0,0.0
episode-001,77,16,[],0,5.0,0.0
episode-001,77,17,[],0,5.0,0.0
episode-001,77,18,[],0,5.0,0.0
episode-001,77,19,[],0,5.0,0.0
episode-001,77,20,[],0,5.0,0.0
episode-001,77,21,"[1, 2, 3, 4, 5, 6, 7, 8, 9, 10, 11, 12, 13, 14, 15, 16, 17, 18, 19, 20]",20,30.0,1.5
episode-001,78,1,"[3, 4, 5, 6, 7, 8, 9, 10, 11, 12, 13, 14, 15, 16, 17, 18, 19, 20]",18,5.0,0.2777777777777778
episode-001,78,2,[],0,5.0,0.0
episode-001,78,3,[],0,5.0,0.0
episode-001,78,4,[],0,5.0,0.0
episode-001,78,5,[],0,5.0,0.0
episode-001,78,6,[],0,5.0,0.0
episode-001,78,7,[],0,5.0,0.0
episode-001,78,8,[],0,5.0,0.0
episode-001,78,9,[],0,5.0,0.0
episode-001,78,10,[],0,5.0,0.0
episode-001,78,11,[],0,5.0,0.0
episode-001,78,12,[],0,5.0,0.0
episode-001,78,13,[],0,5.0,0.0
episode-001,78,14,[],0,5.0,0.0
episode-001,78,15,[],0,5.0,0.0
episode-001,78,16,[],0,5.0,0.0
episode-001,78,17,[],0,5.0,0.0
episode-001,78,18,[],0,5.0,0.0
episode-001,78,19,[],0,5.0,0.0
episode-001,78,20,[],0,5.0,0.0
episode-001,78,21,"[1, 2, 3, 4, 5, 6, 7, 8, 9, 10, 11, 12, 13, 14, 15, 16, 17, 18, 19, 20]",20,30.0,1.5
episode-001,79,1,"[2, 3, 4, 5, 6, 7, 8, 9, 10, 11, 12, 13, 14, 15, 16, 17, 18, 19, 20]",19,5.0,0.2631578947368421
episode-001,79,2,[],0,5.0,0.0
episode-001,79,3,[],0,5.0,0.0
episode-001,79,4,[],0,5.0,0.0
episode-001,79,5,[],0,5.0,0.0
episode-001,79,6,[],0,5.0,0.0
episode-001,79,7,[],0,5.0,0.0
episode-001,79,8,[],0,5.0,0.0
episode-001,79,9,[],0,5.0,0.0
episode-001,79,10,[],0,5.0,0.0
episode-001,79,11,[],0,5.0,0.0
episode-001,79,12,[],0,5.0,0.0
episode-001,79,13,[],0,5.0,0.0
episode-001,79,14,[],0,5.0,0.0
episode-001,79,15,[],0,5.0,0.0
episode-001,79,16,[],0,5.0,0.0
episode-001,79,17,[],0,5.0,0.0
episode-001,79,18,[],0,5.0,0.0
episode-001,79,19,[],0,5.0,0.0
episode-001,79,20,[],0,5.0,0.0
episode-001,79,21,"[1, 2, 3, 4, 5, 6, 7, 8, 9, 10, 11, 12, 13, 14, 15, 16, 17, 18, 19, 20]",20,30.0,1.5
episode-001,80,1,"[2, 3, 4, 5, 6, 7, 8, 9, 10, 11, 12, 13, 14, 15, 16, 17, 18, 19, 20]",19,5.0,0.2631578947368421
episode-001,80,2,[],0,5.0,0.0
episode-001,80,3,[],0,5.0,0.0
episode-001,80,4,[],0,5.0,0.0
episode-001,80,5,[],0,5.0,0.0
episode-001,80,6,[],0,5.0,0.0
episode-001,80,7,[],0,5.0,0.0
episode-001,80,8,[],0,5.0,0.0
episode-001,80,9,[],0,5.0,0.0
episode-001,80,10,[],0,5.0,0.0
episode-001,80,11,[],0,5.0,0.0
episode-001,80,12,[],0,5.0,0.0
episode-001,80,13,[],0,5.0,0.0
episode-001,80,14,[],0,5.0,0.0
episode-001,80,15,[],0,5.0,0.0
episode-001,80,16,[],0,5.0,0.0
episode-001,80,17,[],0,5.0,0.0
episode-001,80,18,[],0,5.0,0.0
episode-001,80,19,[],0,5.0,0.0
episode-001,80,20,[],0,5.0,0.0
episode-001,80,21,"[2, 3, 4, 5, 6, 7, 8, 9, 10, 11, 12, 13, 14, 15, 16, 17, 18, 19, 20]",19,30.0,1.5789473684210527
episode-001,81,1,"[2, 3, 4, 5, 6, 7, 8, 9, 10, 11, 12, 13, 14, 15, 16, 17, 18, 19, 20]",19,5.0,0.2631578947368421
episode-001,81,2,[],0,5.0,0.0
episode-001,81,3,[],0,5.0,0.0
episode-001,81,4,[],0,5.0,0.0
episode-001,81,5,[],0,5.0,0.0
episode-001,81,6,[],0,5.0,0.0
episode-001,81,7,[],0,5.0,0.0
episode-001,81,8,[],0,5.0,0.0
episode-001,81,9,[],0,5.0,0.0
episode-001,81,10,[],0,5.0,0.0
episode-001,81,11,[],0,5.0,0.0
episode-001,81,12,[],0,5.0,0.0
episode-001,81,13,[],0,5.0,0.0
episode-001,81,14,[],0,5.0,0.0
episode-001,81,15,[],0,5.0,0.0
episode-001,81,16,[],0,5.0,0.0
episode-001,81,17,[],0,5.0,0.0
episode-001,81,18,[],0,5.0,0.0
episode-001,81,19,[],0,5.0,0.0
episode-001,81,20,[],0,5.0,0.0
episode-001,81,21,"[1, 2, 3, 4, 5, 6, 7, 8, 9, 10, 11, 12, 13, 14, 15, 16, 17, 18, 19, 20]",20,30.0,1.5
episode-001,82,1,"[2, 3, 4, 5, 6, 7, 8, 9, 10, 11, 12, 13, 14, 15, 16, 17, 18, 19, 20]",19,5.0,0.2631578947368421
episode-001,82,2,[],0,5.0,0.0
episode-001,82,3,[],0,5.0,0.0
episode-001,82,4,[],0,5.0,0.0
episode-001,82,5,[],0,5.0,0.0
episode-001,82,6,[],0,5.0,0.0
episode-001,82,7,[],0,5.0,0.0
episode-001,82,8,[],0,5.0,0.0
episode-001,82,9,[],0,5.0,0.0
episode-001,82,10,[],0,5.0,0.0
episode-001,82,11,[],0,5.0,0.0
episode-001,82,12,[],0,5.0,0.0
episode-001,82,13,[],0,5.0,0.0
episode-001,82,14,[],0,5.0,0.0
episode-001,82,15,[],0,5.0,0.0
episode-001,82,16,[],0,5.0,0.0
episode-001,82,17,[],0,5.0,0.0
episode-001,82,18,[],0,5.0,0.0
episode-001,82,19,[],0,5.0,0.0
episode-001,82,20,[],0,5.0,0.0
episode-001,82,21,"[1, 2, 3, 4, 5, 6, 7, 8, 9, 10, 11, 12, 13, 14, 15, 16, 17, 18, 19, 20]",20,30.0,1.5
episode-001,83,1,"[2, 3, 4, 5, 6, 7, 8, 9, 10, 11, 12, 13, 14, 15, 16, 17, 18, 19, 20]",19,5.0,0.2631578947368421
episode-001,83,2,[],0,5.0,0.0
episode-001,83,3,[],0,5.0,0.0
episode-001,83,4,[],0,5.0,0.0
episode-001,83,5,[],0,5.0,0.0
episode-001,83,6,[],0,5.0,0.0
episode-001,83,7,[],0,5.0,0.0
episode-001,83,8,[],0,5.0,0.0
episode-001,83,9,[],0,5.0,0.0
episode-001,83,10,[],0,5.0,0.0
episode-001,83,11,[],0,5.0,0.0
episode-001,83,12,[],0,5.0,0.0
episode-001,83,13,[],0,5.0,0.0
episode-001,83,14,[],0,5.0,0.0
episode-001,83,15,[],0,5.0,0.0
episode-001,83,16,[],0,5.0,0.0
episode-001,83,17,[],0,5.0,0.0
episode-001,83,18,[],0,5.0,0.0
episode-001,83,19,[],0,5.0,0.0
episode-001,83,20,[],0,5.0,0.0
episode-001,83,21,"[1, 2, 3, 4, 5, 6, 7, 8, 9, 10, 11, 12, 13, 14, 15, 16, 17, 18, 19, 20]",20,30.0,1.5
episode-001,84,1,"[2, 3, 4, 5, 6, 7, 8, 9, 10, 11, 12, 13, 14, 15, 16, 17, 18, 19, 20]",19,5.0,0.2631578947368421
episode-001,84,2,[],0,5.0,0.0
episode-001,84,3,[],0,5.0,0.0
episode-001,84,4,[],0,5.0,0.0
episode-001,84,5,[],0,5.0,0.0
episode-001,84,6,[],0,5.0,0.0
episode-001,84,7,[],0,5.0,0.0
episode-001,84,8,[],0,5.0,0.0
episode-001,84,9,[],0,5.0,0.0
episode-001,84,10,[],0,5.0,0.0
episode-001,84,11,[],0,5.0,0.0
episode-001,84,12,[],0,5.0,0.0
episode-001,84,13,[],0,5.0,0.0
episode-001,84,14,[],0,5.0,0.0
episode-001,84,15,[],0,5.0,0.0
episode-001,84,16,[],0,5.0,0.0
episode-001,84,17,[],0,5.0,0.0
episode-001,84,18,[],0,5.0,0.0
episode-001,84,19,[],0,5.0,0.0
episode-001,84,20,[],0,5.0,0.0
episode-001,84,21,"[1, 2, 3, 4, 5, 6, 7, 8, 9, 10, 11, 12, 13, 14, 15, 16, 17, 18, 19, 20]",20,30.0,1.5
episode-001,85,1,"[2, 3, 4, 5, 6, 7, 8, 9, 10, 11, 12, 13, 14, 15, 16, 17, 18, 19, 20]",19,5.0,0.2631578947368421
episode-001,85,2,[1],1,5.0,5.0
episode-001,85,3,[],0,5.0,0.0
episode-001,85,4,[],0,5.0,0.0
episode-001,85,5,[],0,5.0,0.0
episode-001,85,6,[],0,5.0,0.0
episode-001,85,7,[],0,5.0,0.0
episode-001,85,8,[],0,5.0,0.0
episode-001,85,9,[],0,5.0,0.0
episode-001,85,10,[],0,5.0,0.0
episode-001,85,11,[],0,5.0,0.0
episode-001,85,12,[],0,5.0,0.0
episode-001,85,13,[],0,5.0,0.0
episode-001,85,14,[],0,5.0,0.0
episode-001,85,15,[],0,5.0,0.0
episode-001,85,16,[],0,5.0,0.0
episode-001,85,17,[],0,5.0,0.0
episode-001,85,18,[],0,5.0,0.0
episode-001,85,19,[],0,5.0,0.0
episode-001,85,20,[],0,5.0,0.0
episode-001,85,21,"[1, 2, 3, 4, 5, 6, 7, 8, 9, 10, 11, 12, 13, 14, 15, 16, 17, 18, 19, 20]",20,30.0,1.5
episode-001,86,1,"[2, 3, 4, 5, 6, 7, 8, 9, 10, 11, 12, 13, 14, 15, 16, 17, 18, 19, 20]",19,5.0,0.2631578947368421
episode-001,86,2,[1],1,5.0,5.0
episode-001,86,3,[],0,5.0,0.0
episode-001,86,4,[],0,5.0,0.0
episode-001,86,5,[],0,5.0,0.0
episode-001,86,6,[],0,5.0,0.0
episode-001,86,7,[],0,5.0,0.0
episode-001,86,8,[],0,5.0,0.0
episode-001,86,9,[],0,5.0,0.0
episode-001,86,10,[],0,5.0,0.0
episode-001,86,11,[],0,5.0,0.0
episode-001,86,12,[],0,5.0,0.0
episode-001,86,13,[],0,5.0,0.0
episode-001,86,14,[],0,5.0,0.0
episode-001,86,15,[],0,5.0,0.0
episode-001,86,16,[],0,5.0,0.0
episode-001,86,17,[],0,5.0,0.0
episode-001,86,18,[],0,5.0,0.0
episode-001,86,19,[],0,5.0,0.0
episode-001,86,20,[],0,5.0,0.0
episode-001,86,21,"[1, 2, 3, 4, 5, 6, 7, 8, 9, 10, 11, 12, 13, 14, 15, 16, 17, 18, 19, 20]",20,30.0,1.5
episode-001,87,1,"[2, 3, 4, 5, 6, 7, 8, 9, 10, 11, 12, 13, 14, 15, 16, 17, 18, 19, 20]",19,5.0,0.2631578947368421
episode-001,87,2,[],0,5.0,0.0
episode-001,87,3,[],0,5.0,0.0
episode-001,87,4,[],0,5.0,0.0
episode-001,87,5,[],0,5.0,0.0
episode-001,87,6,[],0,5.0,0.0
episode-001,87,7,[],0,5.0,0.0
episode-001,87,8,[],0,5.0,0.0
episode-001,87,9,[],0,5.0,0.0
episode-001,87,10,[],0,5.0,0.0
episode-001,87,11,[],0,5.0,0.0
episode-001,87,12,[],0,5.0,0.0
episode-001,87,13,[],0,5.0,0.0
episode-001,87,14,[],0,5.0,0.0
episode-001,87,15,[],0,5.0,0.0
episode-001,87,16,[],0,5.0,0.0
episode-001,87,17,[],0,5.0,0.0
episode-001,87,18,[],0,5.0,0.0
episode-001,87,19,[],0,5.0,0.0
episode-001,87,20,[],0,5.0,0.0
episode-001,87,21,"[1, 2, 3, 4, 5, 6, 7, 8, 9, 10, 11, 12, 13, 14, 15, 16, 17, 18, 19, 20]",20,30.0,1.5
episode-001,88,1,"[2, 3, 4, 5, 6, 7, 8, 9, 10, 11, 12, 13, 14, 15, 16, 17, 18, 19, 20]",19,5.0,0.2631578947368421
episode-001,88,2,[],0,5.0,0.0
episode-001,88,3,[],0,5.0,0.0
episode-001,88,4,[],0,5.0,0.0
episode-001,88,5,[],0,5.0,0.0
episode-001,88,6,[],0,5.0,0.0
episode-001,88,7,[],0,5.0,0.0
episode-001,88,8,[],0,5.0,0.0
episode-001,88,9,[],0,5.0,0.0
episode-001,88,10,[],0,5.0,0.0
episode-001,88,11,[],0,5.0,0.0
episode-001,88,12,[],0,5.0,0.0
episode-001,88,13,[],0,5.0,0.0
episode-001,88,14,[],0,5.0,0.0
episode-001,88,15,[],0,5.0,0.0
episode-001,88,16,[],0,5.0,0.0
episode-001,88,17,[],0,5.0,0.0
episode-001,88,18,[],0,5.0,0.0
episode-001,88,19,[],0,5.0,0.0
episode-001,88,20,[],0,5.0,0.0
episode-001,88,21,"[2, 3, 4, 5, 6, 7, 8, 9, 10, 11, 12, 13, 14, 15, 16, 17, 18, 19, 20]",19,30.0,1.5789473684210527
episode-001,89,1,"[2, 3, 4, 5, 6, 7, 8, 9, 10, 11, 12, 13, 14, 15, 16, 17, 18, 19, 20]",19,5.0,0.2631578947368421
episode-001,89,2,[],0,5.0,0.0
episode-001,89,3,[],0,5.0,0.0
episode-001,89,4,[],0,5.0,0.0
episode-001,89,5,[],0,5.0,0.0
episode-001,89,6,[],0,5.0,0.0
episode-001,89,7,[],0,5.0,0.0
episode-001,89,8,[],0,5.0,0.0
episode-001,89,9,[],0,5.0,0.0
episode-001,89,10,[],0,5.0,0.0
episode-001,89,11,[],0,5.0,0.0
episode-001,89,12,[],0,5.0,0.0
episode-001,89,13,[],0,5.0,0.0
episode-001,89,14,[],0,5.0,0.0
episode-001,89,15,[],0,5.0,0.0
episode-001,89,16,[],0,5.0,0.0
episode-001,89,17,[],0,5.0,0.0
episode-001,89,18,[],0,5.0,0.0
episode-001,89,19,[],0,5.0,0.0
episode-001,89,20,[],0,5.0,0.0
episode-001,89,21,"[2, 3, 4, 5, 6, 7, 8, 9, 10, 11, 12, 13, 14, 15, 16, 17, 18, 19, 20]",19,30.0,1.5789473684210527
episode-001,90,1,"[2, 3, 4, 5, 6, 7, 8, 9, 10, 11, 12, 13, 14, 15, 16, 17, 18, 19, 20]",19,5.0,0.2631578947368421
episode-001,90,2,[],0,5.0,0.0
episode-001,90,3,[],0,5.0,0.0
episode-001,90,4,[],0,5.0,0.0
episode-001,90,5,[],0,5.0,0.0
episode-001,90,6,[],0,5.0,0.0
episode-001,90,7,[],0,5.0,0.0
episode-001,90,8,[],0,5.0,0.0
episode-001,90,9,[],0,5.0,0.0
episode-001,90,10,[],0,5.0,0.0
episode-001,90,11,[],0,5.0,0.0
episode-001,90,12,[],0,5.0,0.0
episode-001,90,13,[],0,5.0,0.0
episode-001,90,14,[],0,5.0,0.0
episode-001,90,15,[],0,5.0,0.0
episode-001,90,16,[],0,5.0,0.0
episode-001,90,17,[],0,5.0,0.0
episode-001,90,18,[],0,5.0,0.0
episode-001,90,19,[],0,5.0,0.0
episode-001,90,20,[],0,5.0,0.0
episode-001,90,21,"[2, 3, 4, 5, 6, 7, 8, 9, 10, 11, 12, 13, 14, 15, 16, 17, 18, 19, 20]",19,30.0,1.5789473684210527
episode-001,91,1,"[2, 3, 4, 5, 6, 7, 8, 9, 10, 11, 12, 13, 14, 15, 16, 17, 18, 19, 20]",19,5.0,0.2631578947368421
episode-001,91,2,[],0,5.0,0.0
episode-001,91,3,[],0,5.0,0.0
episode-001,91,4,[],0,5.0,0.0
episode-001,91,5,[],0,5.0,0.0
episode-001,91,6,[],0,5.0,0.0
episode-001,91,7,[],0,5.0,0.0
episode-001,91,8,[],0,5.0,0.0
episode-001,91,9,[],0,5.0,0.0
episode-001,91,10,[],0,5.0,0.0
episode-001,91,11,[],0,5.0,0.0
episode-001,91,12,[],0,5.0,0.0
episode-001,91,13,[],0,5.0,0.0
episode-001,91,14,[],0,5.0,0.0
episode-001,91,15,[],0,5.0,0.0
episode-001,91,16,[],0,5.0,0.0
episode-001,91,17,[],0,5.0,0.0
episode-001,91,18,[],0,5.0,0.0
episode-001,91,19,[],0,5.0,0.0
episode-001,91,20,[],0,5.0,0.0
episode-001,91,21,"[2, 3, 4, 5, 6, 7, 8, 9, 10, 11, 12, 13, 14, 15, 16, 17, 18, 19, 20]",19,30.0,1.5789473684210527
episode-001,92,1,"[2, 3, 4, 5, 6, 7, 8, 9, 10, 11, 12, 13, 14, 15, 16, 17, 18, 19, 20]",19,5.0,0.2631578947368421
episode-001,92,2,[],0,5.0,0.0
episode-001,92,3,[],0,5.0,0.0
episode-001,92,4,[],0,5.0,0.0
episode-001,92,5,[],0,5.0,0.0
episode-001,92,6,[],0,5.0,0.0
episode-001,92,7,[],0,5.0,0.0
episode-001,92,8,[],0,5.0,0.0
episode-001,92,9,[],0,5.0,0.0
episode-001,92,10,[],0,5.0,0.0
episode-001,92,11,[],0,5.0,0.0
episode-001,92,12,[],0,5.0,0.0
episode-001,92,13,[],0,5.0,0.0
episode-001,92,14,[],0,5.0,0.0
episode-001,92,15,[],0,5.0,0.0
episode-001,92,16,[],0,5.0,0.0
episode-001,92,17,[],0,5.0,0.0
episode-001,92,18,[],0,5.0,0.0
episode-001,92,19,[],0,5.0,0.0
episode-001,92,20,[],0,5.0,0.0
episode-001,92,21,"[3, 4, 5, 6, 7, 8, 9, 10, 11, 12, 13, 14, 15, 16, 17, 18, 19, 20]",18,30.0,1.6666666666666667
episode-001,93,1,"[2, 3, 4, 5, 6, 7, 8, 9, 10, 11, 12, 13, 14, 15, 16, 17, 18, 19, 20]",19,5.0,0.2631578947368421
episode-001,93,2,[],0,5.0,0.0
episode-001,93,3,[],0,5.0,0.0
episode-001,93,4,[],0,5.0,0.0
episode-001,93,5,[],0,5.0,0.0
episode-001,93,6,[],0,5.0,0.0
episode-001,93,7,[],0,5.0,0.0
episode-001,93,8,[],0,5.0,0.0
episode-001,93,9,[],0,5.0,0.0
episode-001,93,10,[],0,5.0,0.0
episode-001,93,11,[],0,5.0,0.0
episode-001,93,12,[],0,5.0,0.0
episode-001,93,13,[],0,5.0,0.0
episode-001,93,14,[],0,5.0,0.0
episode-001,93,15,[],0,5.0,0.0
episode-001,93,16,[],0,5.0,0.0
episode-001,93,17,[],0,5.0,0.0
episode-001,93,18,[],0,5.0,0.0
episode-001,93,19,[],0,5.0,0.0
episode-001,93,20,[],0,5.0,0.0
episode-001,93,21,"[2, 3, 4, 5, 6, 7, 8, 9, 10, 11, 12, 13, 14, 15, 16, 17, 18, 19, 20]",19,30.0,1.5789473684210527
episode-001,94,1,"[2, 3, 4, 5, 6, 7, 8, 9, 10, 11, 12, 13, 14, 15, 16, 17, 18, 19, 20]",19,5.0,0.2631578947368421
episode-001,94,2,[],0,5.0,0.0
episode-001,94,3,[],0,5.0,0.0
episode-001,94,4,[],0,5.0,0.0
episode-001,94,5,[],0,5.0,0.0
episode-001,94,6,[],0,5.0,0.0
episode-001,94,7,[],0,5.0,0.0
episode-001,94,8,[],0,5.0,0.0
episode-001,94,9,[],0,5.0,0.0
episode-001,94,10,[],0,5.0,0.0
episode-001,94,11,[],0,5.0,0.0
episode-001,94,12,[],0,5.0,0.0
episode-001,94,13,[],0,5.0,0.0
episode-001,94,14,[],0,5.0,0.0
episode-001,94,15,[],0,5.0,0.0
episode-001,94,16,[],0,5.0,0.0
episode-001,94,17,[],0,5.0,0.0
episode-001,94,18,[],0,5.0,0.0
episode-001,94,19,[],0,5.0,0.0
episode-001,94,20,[],0,5.0,0.0
episode-001,94,21,"[2, 3, 4, 5, 6, 7, 8, 9, 10, 11, 12, 13, 14, 15, 16, 17, 18, 19, 20]",19,30.0,1.5789473684210527
episode-001,95,1,"[2, 3, 4, 5, 6, 7, 8, 9, 10, 11, 12, 13, 14, 15, 16, 17, 18, 19, 20]",19,5.0,0.2631578947368421
episode-001,95,2,[],0,5.0,0.0
episode-001,95,3,[],0,5.0,0.0
episode-001,95,4,[],0,5.0,0.0
episode-001,95,5,[],0,5.0,0.0
episode-001,95,6,[],0,5.0,0.0
episode-001,95,7,[],0,5.0,0.0
episode-001,95,8,[],0,5.0,0.0
episode-001,95,9,[],0,5.0,0.0
episode-001,95,10,[],0,5.0,0.0
episode-001,95,11,[],0,5.0,0.0
episode-001,95,12,[],0,5.0,0.0
episode-001,95,13,[],0,5.0,0.0
episode-001,95,14,[],0,5.0,0.0
episode-001,95,15,[],0,5.0,0.0
episode-001,95,16,[],0,5.0,0.0
episode-001,95,17,[],0,5.0,0.0
episode-001,95,18,[],0,5.0,0.0
episode-001,95,19,[],0,5.0,0.0
episode-001,95,20,[],0,5.0,0.0
episode-001,95,21,"[1, 2, 3, 4, 5, 6, 7, 8, 9, 10, 11, 12, 13, 14, 15, 16, 17, 18, 19, 20]",20,30.0,1.5
episode-001,96,1,"[2, 3, 4, 5, 6, 7, 8, 9, 10, 11, 12, 13, 14, 15, 16, 17, 18, 19, 20]",19,5.0,0.2631578947368421
episode-001,96,2,[],0,5.0,0.0
episode-001,96,3,[],0,5.0,0.0
episode-001,96,4,[],0,5.0,0.0
episode-001,96,5,[],0,5.0,0.0
episode-001,96,6,[],0,5.0,0.0
episode-001,96,7,[],0,5.0,0.0
episode-001,96,8,[],0,5.0,0.0
episode-001,96,9,[],0,5.0,0.0
episode-001,96,10,[],0,5.0,0.0
episode-001,96,11,[],0,5.0,0.0
episode-001,96,12,[],0,5.0,0.0
episode-001,96,13,[],0,5.0,0.0
episode-001,96,14,[],0,5.0,0.0
episode-001,96,15,[],0,5.0,0.0
episode-001,96,16,[],0,5.0,0.0
episode-001,96,17,[],0,5.0,0.0
episode-001,96,18,[],0,5.0,0.0
episode-001,96,19,[],0,5.0,0.0
episode-001,96,20,[],0,5.0,0.0
episode-001,96,21,"[1, 2, 3, 4, 5, 6, 7, 8, 9, 10, 11, 12, 13, 14, 15, 16, 17, 18, 19, 20]",20,30.0,1.5
episode-001,97,1,"[2, 3, 4, 5, 6, 7, 8, 9, 10, 11, 12, 13, 14, 15, 16, 17, 18, 19, 20]",19,5.0,0.2631578947368421
episode-001,97,2,[1],1,5.0,5.0
episode-001,97,3,[],0,5.0,0.0
episode-001,97,4,[],0,5.0,0.0
episode-001,97,5,[],0,5.0,0.0
episode-001,97,6,[],0,5.0,0.0
episode-001,97,7,[],0,5.0,0.0
episode-001,97,8,[],0,5.0,0.0
episode-001,97,9,[],0,5.0,0.0
episode-001,97,10,[],0,5.0,0.0
episode-001,97,11,[],0,5.0,0.0
episode-001,97,12,[],0,5.0,0.0
episode-001,97,13,[],0,5.0,0.0
episode-001,97,14,[],0,5.0,0.0
episode-001,97,15,[],0,5.0,0.0
episode-001,97,16,[],0,5.0,0.0
episode-001,97,17,[],0,5.0,0.0
episode-001,97,18,[],0,5.0,0.0
episode-001,97,19,[],0,5.0,0.0
episode-001,97,20,[],0,5.0,0.0
episode-001,97,21,"[1, 2, 3, 4, 5, 6, 7, 8, 9, 10, 11, 12, 13, 14, 15, 16, 17, 18, 19, 20]",20,30.0,1.5
episode-001,98,1,"[2, 3, 4, 5, 6, 7, 8, 9, 10, 11, 12, 13, 14, 15, 16, 17, 18, 19, 20]",19,5.0,0.2631578947368421
episode-001,98,2,[1],1,5.0,5.0
episode-001,98,3,[],0,5.0,0.0
episode-001,98,4,[],0,5.0,0.0
episode-001,98,5,[],0,5.0,0.0
episode-001,98,6,[],0,5.0,0.0
episode-001,98,7,[],0,5.0,0.0
episode-001,98,8,[],0,5.0,0.0
episode-001,98,9,[],0,5.0,0.0
episode-001,98,10,[],0,5.0,0.0
episode-001,98,11,[],0,5.0,0.0
episode-001,98,12,[],0,5.0,0.0
episode-001,98,13,[],0,5.0,0.0
episode-001,98,14,[],0,5.0,0.0
episode-001,98,15,[],0,5.0,0.0
episode-001,98,16,[],0,5.0,0.0
episode-001,98,17,[],0,5.0,0.0
episode-001,98,18,[],0,5.0,0.0
episode-001,98,19,[],0,5.0,0.0
episode-001,98,20,[],0,5.0,0.0
episode-001,98,21,"[1, 2, 3, 4, 5, 6, 7, 8, 9, 10, 11, 12, 13, 14, 15, 16, 17, 18, 19, 20]",20,30.0,1.5
episode-001,99,1,"[2, 3, 4, 5, 6, 7, 8, 9, 10, 11, 12, 13, 14, 15, 16, 17, 18, 19, 20]",19,5.0,0.2631578947368421
episode-001,99,2,[1],1,5.0,5.0
episode-001,99,3,[],0,5.0,0.0
episode-001,99,4,[],0,5.0,0.0
episode-001,99,5,[],0,5.0,0.0
episode-001,99,6,[],0,5.0,0.0
episode-001,99,7,[],0,5.0,0.0
episode-001,99,8,[],0,5.0,0.0
episode-001,99,9,[],0,5.0,0.0
episode-001,99,10,[],0,5.0,0.0
episode-001,99,11,[],0,5.0,0.0
episode-001,99,12,[],0,5.0,0.0
episode-001,99,13,[],0,5.0,0.0
episode-001,99,14,[],0,5.0,0.0
episode-001,99,15,[],0,5.0,0.0
episode-001,99,16,[],0,5.0,0.0
episode-001,99,17,[],0,5.0,0.0
episode-001,99,18,[],0,5.0,0.0
episode-001,99,19,[],0,5.0,0.0
episode-001,99,20,[],0,5.0,0.0
episode-001,99,21,"[1, 2, 3, 4, 5, 6, 7, 8, 9, 10, 11, 12, 13, 14, 15, 16, 17, 18, 19, 20]",20,30.0,1.5
episode-001,100,1,"[2, 3, 4, 5, 6, 7, 8, 9, 10, 11, 12, 13, 14, 15, 16, 17, 18, 19, 20]",19,5.0,0.2631578947368421
episode-001,100,2,[],0,5.0,0.0
episode-001,100,3,[],0,5.0,0.0
episode-001,100,4,[],0,5.0,0.0
episode-001,100,5,[],0,5.0,0.0
episode-001,100,6,[],0,5.0,0.0
episode-001,100,7,[],0,5.0,0.0
episode-001,100,8,[],0,5.0,0.0
episode-001,100,9,[],0,5.0,0.0
episode-001,100,10,[],0,5.0,0.0
episode-001,100,11,[],0,5.0,0.0
episode-001,100,12,[],0,5.0,0.0
episode-001,100,13,[],0,5.0,0.0
episode-001,100,14,[],0,5.0,0.0
episode-001,100,15,[],0,5.0,0.0
episode-001,100,16,[],0,5.0,0.0
episode-001,100,17,[],0,5.0,0.0
episode-001,100,18,[],0,5.0,0.0
episode-001,100,19,[],0,5.0,0.0
episode-001,100,20,[],0,5.0,0.0
episode-001,100,21,"[1, 2, 3, 4, 5, 6, 7, 8, 9, 10, 11, 12, 13, 14, 15, 16, 17, 18, 19, 20]",20,30.0,1.5
episode-001,101,1,"[2, 3, 4, 5, 6, 7, 8, 9, 10, 11, 12, 13, 14, 15, 16, 17, 18, 19, 20]",19,5.0,0.2631578947368421
episode-001,101,2,[],0,5.0,0.0
episode-001,101,3,[],0,5.0,0.0
episode-001,101,4,[],0,5.0,0.0
episode-001,101,5,[],0,5.0,0.0
episode-001,101,6,[],0,5.0,0.0
episode-001,101,7,[],0,5.0,0.0
episode-001,101,8,[],0,5.0,0.0
episode-001,101,9,[],0,5.0,0.0
episode-001,101,10,[],0,5.0,0.0
episode-001,101,11,[],0,5.0,0.0
episode-001,101,12,[],0,5.0,0.0
episode-001,101,13,[],0,5.0,0.0
episode-001,101,14,[],0,5.0,0.0
episode-001,101,15,[],0,5.0,0.0
episode-001,101,16,[],0,5.0,0.0
episode-001,101,17,[],0,5.0,0.0
episode-001,101,18,[],0,5.0,0.0
episode-001,101,19,[],0,5.0,0.0
episode-001,101,20,[],0,5.0,0.0
episode-001,101,21,"[1, 2, 3, 4, 5, 6, 7, 8, 9, 10, 11, 12, 13, 14, 15, 16, 17, 18, 19, 20]",20,30.0,1.5
episode-001,102,1,"[2, 3, 4, 5, 6, 7, 8, 9, 10, 11, 12, 13, 14, 15, 16, 17, 18, 19, 20]",19,5.0,0.2631578947368421
episode-001,102,2,[],0,5.0,0.0
episode-001,102,3,[],0,5.0,0.0
episode-001,102,4,[],0,5.0,0.0
episode-001,102,5,[],0,5.0,0.0
episode-001,102,6,[],0,5.0,0.0
episode-001,102,7,[],0,5.0,0.0
episode-001,102,8,[],0,5.0,0.0
episode-001,102,9,[],0,5.0,0.0
episode-001,102,10,[],0,5.0,0.0
episode-001,102,11,[],0,5.0,0.0
episode-001,102,12,[],0,5.0,0.0
episode-001,102,13,[],0,5.0,0.0
episode-001,102,14,[],0,5.0,0.0
episode-001,102,15,[],0,5.0,0.0
episode-001,102,16,[],0,5.0,0.0
episode-001,102,17,[],0,5.0,0.0
episode-001,102,18,[],0,5.0,0.0
episode-001,102,19,[],0,5.0,0.0
episode-001,102,20,[],0,5.0,0.0
episode-001,102,21,"[1, 2, 3, 4, 5, 6, 7, 8, 9, 10, 11, 12, 13, 14, 15, 16, 17, 18, 19, 20]",20,30.0,1.5
episode-001,103,1,"[2, 3, 4, 5, 6, 7, 8, 9, 10, 11, 12, 13, 14, 15, 16, 17, 18, 19, 20]",19,5.0,0.2631578947368421
episode-001,103,2,[],0,5.0,0.0
episode-001,103,3,[],0,5.0,0.0
episode-001,103,4,[],0,5.0,0.0
episode-001,103,5,[],0,5.0,0.0
episode-001,103,6,[],0,5.0,0.0
episode-001,103,7,[],0,5.0,0.0
episode-001,103,8,[],0,5.0,0.0
episode-001,103,9,[],0,5.0,0.0
episode-001,103,10,[],0,5.0,0.0
episode-001,103,11,[],0,5.0,0.0
episode-001,103,12,[],0,5.0,0.0
episode-001,103,13,[],0,5.0,0.0
episode-001,103,14,[],0,5.0,0.0
episode-001,103,15,[],0,5.0,0.0
episode-001,103,16,[],0,5.0,0.0
episode-001,103,17,[],0,5.0,0.0
episode-001,103,18,[],0,5.0,0.0
episode-001,103,19,[],0,5.0,0.0
episode-001,103,20,[],0,5.0,0.0
episode-001,103,21,"[1, 2, 3, 4, 5, 6, 7, 8, 9, 10, 11, 12, 13, 14, 15, 16, 17, 18, 19, 20]",20,30.0,1.5
episode-001,104,1,"[2, 3, 4, 5, 6, 7, 8, 9, 10, 11, 12, 13, 14, 15, 16, 17, 18, 19, 20]",19,5.0,0.2631578947368421
episode-001,104,2,[],0,5.0,0.0
episode-001,104,3,[],0,5.0,0.0
episode-001,104,4,[],0,5.0,0.0
episode-001,104,5,[],0,5.0,0.0
episode-001,104,6,[],0,5.0,0.0
episode-001,104,7,[],0,5.0,0.0
episode-001,104,8,[],0,5.0,0.0
episode-001,104,9,[],0,5.0,0.0
episode-001,104,10,[],0,5.0,0.0
episode-001,104,11,[],0,5.0,0.0
episode-001,104,12,[],0,5.0,0.0
episode-001,104,13,[],0,5.0,0.0
episode-001,104,14,[],0,5.0,0.0
episode-001,104,15,[],0,5.0,0.0
episode-001,104,16,[],0,5.0,0.0
episode-001,104,17,[],0,5.0,0.0
episode-001,104,18,[],0,5.0,0.0
episode-001,104,19,[],0,5.0,0.0
episode-001,104,20,[],0,5.0,0.0
episode-001,104,21,"[1, 2, 3, 4, 5, 6, 7, 8, 9, 10, 11, 12, 13, 14, 15, 16, 17, 18, 19, 20]",20,30.0,1.5
episode-001,105,1,"[2, 3, 4, 5, 6, 7, 8, 9, 10, 11, 12, 13, 14, 15, 16, 17, 18, 19, 20]",19,5.0,0.2631578947368421
episode-001,105,2,[],0,5.0,0.0
episode-001,105,3,[],0,5.0,0.0
episode-001,105,4,[],0,5.0,0.0
episode-001,105,5,[],0,5.0,0.0
episode-001,105,6,[],0,5.0,0.0
episode-001,105,7,[],0,5.0,0.0
episode-001,105,8,[],0,5.0,0.0
episode-001,105,9,[],0,5.0,0.0
episode-001,105,10,[],0,5.0,0.0
episode-001,105,11,[],0,5.0,0.0
episode-001,105,12,[],0,5.0,0.0
episode-001,105,13,[],0,5.0,0.0
episode-001,105,14,[],0,5.0,0.0
episode-001,105,15,[],0,5.0,0.0
episode-001,105,16,[],0,5.0,0.0
episode-001,105,17,[],0,5.0,0.0
episode-001,105,18,[],0,5.0,0.0
episode-001,105,19,[],0,5.0,0.0
episode-001,105,20,[],0,5.0,0.0
episode-001,105,21,"[1, 2, 3, 4, 5, 6, 7, 8, 9, 10, 11, 12, 13, 14, 15, 16, 17, 18, 19, 20]",20,30.0,1.5
episode-001,106,1,"[2, 3, 4, 5, 6, 7, 8, 9, 10, 11, 12, 13, 14, 15, 16, 17, 18, 19, 20]",19,5.0,0.2631578947368421
episode-001,106,2,[],0,5.0,0.0
episode-001,106,3,[],0,5.0,0.0
episode-001,106,4,[],0,5.0,0.0
episode-001,106,5,[],0,5.0,0.0
episode-001,106,6,[],0,5.0,0.0
episode-001,106,7,[],0,5.0,0.0
episode-001,106,8,[],0,5.0,0.0
episode-001,106,9,[],0,5.0,0.0
episode-001,106,10,[],0,5.0,0.0
episode-001,106,11,[],0,5.0,0.0
episode-001,106,12,[],0,5.0,0.0
episode-001,106,13,[],0,5.0,0.0
episode-001,106,14,[],0,5.0,0.0
episode-001,106,15,[],0,5.0,0.0
episode-001,106,16,[],0,5.0,0.0
episode-001,106,17,[],0,5.0,0.0
episode-001,106,18,[],0,5.0,0.0
episode-001,106,19,[],0,5.0,0.0
episode-001,106,20,[],0,5.0,0.0
episode-001,106,21,"[1, 2, 3, 4, 5, 6, 7, 8, 9, 10, 11, 12, 13, 14, 15, 16, 17, 18, 19, 20]",20,30.0,1.5
episode-001,107,1,"[2, 3, 4, 5, 6, 7, 8, 9, 10, 11, 12, 13, 14, 15, 16, 17, 18, 19, 20]",19,5.0,0.2631578947368421
episode-001,107,2,[],0,5.0,0.0
episode-001,107,3,[],0,5.0,0.0
episode-001,107,4,[],0,5.0,0.0
episode-001,107,5,[],0,5.0,0.0
episode-001,107,6,[],0,5.0,0.0
episode-001,107,7,[],0,5.0,0.0
episode-001,107,8,[],0,5.0,0.0
episode-001,107,9,[],0,5.0,0.0
episode-001,107,10,[],0,5.0,0.0
episode-001,107,11,[],0,5.0,0.0
episode-001,107,12,[],0,5.0,0.0
episode-001,107,13,[],0,5.0,0.0
episode-001,107,14,[],0,5.0,0.0
episode-001,107,15,[],0,5.0,0.0
episode-001,107,16,[],0,5.0,0.0
episode-001,107,17,[],0,5.0,0.0
episode-001,107,18,[],0,5.0,0.0
episode-001,107,19,[],0,5.0,0.0
episode-001,107,20,[],0,5.0,0.0
episode-001,107,21,"[2, 3, 4, 5, 6, 7, 8, 9, 10, 11, 12, 13, 14, 15, 16, 17, 18, 19, 20]",19,30.0,1.5789473684210527
episode-001,108,1,"[2, 3, 4, 5, 6, 7, 8, 9, 10, 11, 12, 13, 14, 15, 16, 17, 18, 19, 20]",19,5.0,0.2631578947368421
episode-001,108,2,[],0,5.0,0.0
episode-001,108,3,[],0,5.0,0.0
episode-001,108,4,[],0,5.0,0.0
episode-001,108,5,[],0,5.0,0.0
episode-001,108,6,[],0,5.0,0.0
episode-001,108,7,[],0,5.0,0.0
episode-001,108,8,[],0,5.0,0.0
episode-001,108,9,[],0,5.0,0.0
episode-001,108,10,[],0,5.0,0.0
episode-001,108,11,[],0,5.0,0.0
episode-001,108,12,[],0,5.0,0.0
episode-001,108,13,[],0,5.0,0.0
episode-001,108,14,[],0,5.0,0.0
episode-001,108,15,[],0,5.0,0.0
episode-001,108,16,[],0,5.0,0.0
episode-001,108,17,[],0,5.0,0.0
episode-001,108,18,[],0,5.0,0.0
episode-001,108,19,[],0,5.0,0.0
episode-001,108,20,[],0,5.0,0.0
episode-001,108,21,"[2, 3, 4, 5, 6, 7, 8, 9, 10, 11, 12, 13, 14, 15, 16, 17, 18, 19, 20]",19,30.0,1.5789473684210527
episode-001,109,1,"[2, 3, 4, 5, 6, 7, 8, 9, 10, 11, 12, 13, 14, 15, 16, 17, 18, 19, 20]",19,5.0,0.2631578947368421
episode-001,109,2,[],0,5.0,0.0
episode-001,109,3,[],0,5.0,0.0
episode-001,109,4,[],0,5.0,0.0
episode-001,109,5,[],0,5.0,0.0
episode-001,109,6,[],0,5.0,0.0
episode-001,109,7,[],0,5.0,0.0
episode-001,109,8,[],0,5.0,0.0
episode-001,109,9,[],0,5.0,0.0
episode-001,109,10,[],0,5.0,0.0
episode-001,109,11,[],0,5.0,0.0
episode-001,109,12,[],0,5.0,0.0
episode-001,109,13,[],0,5.0,0.0
episode-001,109,14,[],0,5.0,0.0
episode-001,109,15,[],0,5.0,0.0
episode-001,109,16,[],0,5.0,0.0
episode-001,109,17,[],0,5.0,0.0
episode-001,109,18,[],0,5.0,0.0
episode-001,109,19,[],0,5.0,0.0
episode-001,109,20,[],0,5.0,0.0
episode-001,109,21,"[2, 3, 4, 5, 6, 7, 8, 9, 10, 11, 12, 13, 14, 15, 16, 17, 18, 19, 20]",19,30.0,1.5789473684210527
