task_id,episode_id,arrival_time,source_node,queue_enter_time,service_start_time,service_end_time,completion_time,drop_time,selected_action,processing_node,latency,waiting_time,service_time,final_status,drop_reason
2,0,0,0,,,,,,,,,,,pending,
3,0,0,1,,,,,,,,,,,pending,
4,0,0,3,,,,,,,,,,,pending,
5,0,0,6,,,,,,,,,,,pending,
6,0,0,7,,,,,,,,,,,pending,
7,0,0,8,,,,,,,,,,,pending,
8,0,0,9,,,,,,,,,,,pending,
9,0,0,11,,,,,,,,,,,pending,
10,0,0,16,,,,,,,,,,,pending,
11,0,0,18,,,,,,,,,,,pending,
12,0,0,19,,,,,,,,,,,pending,
13,0,0,0,1,1,8,,,,-1,8,1,7,pending,
14,0,0,2,1,1,2,,,,-1,2,1,1,pending,
15,0,0,3,1,1,7,,,,-1,7,1,6,pending,
16,0,0,5,1,1,2,,,,-1,2,1,1,pending,
17,0,0,6,1,1,2,,,,-1,2,1,1,pending,
18,0,0,7,1,1,3,,,,-1,3,1,2,pending,
19,0,0,8,1,1,6,,,,-1,6,1,5,pending,
20,0,0,9,1,1,7,,,,-1,7,1,6,pending,
21,0,0,13,1,1,3,,,,-1,3,1,2,pending,
22,0,0,15,1,1,7,,,,-1,7,1,6,pending,
23,0,0,17,1,1,8,,,,-1,8,1,7,pending,
24,0,1,0,2,6,,,11,2,10,10,,,dropped,timeout
25,0,1,1,2,2,4,,,2,11,3,1,2,pending,
26,0,1,3,2,2,3,,,3,18,2,1,1,pending,
27,0,1,6,2,2,6,,,0,6,5,1,4,pending,
28,0,1,7,2,3,8,,,4,20,7,2,5,pending,
29,0,1,8,2,5,9,,,1,3,8,4,4,pending,
30,0,1,12,2,2,7,,,4,20,6,1,5,pending,
31,0,1,14,2,2,4,,,4,20,3,1,2,pending,
32,0,1,18,2,2,9,,,3,13,8,1,7,pending,
33,0,1,19,2,2,8,,,3,14,7,1,6,pending,
34,0,2,0,3,10,,,12,2,10,10,,,dropped,timeout
35,0,2,1,3,5,6,,,0,1,4,3,1,pending,
36,0,2,3,3,5,6,,,0,3,4,3,1,pending,
37,0,2,8,3,3,4,,,3,18,2,1,1,pending,
38,0,2,10,3,3,4,,,1,0,2,1,1,pending,
39,0,2,11,3,3,10,,,1,1,8,1,7,pending,
40,0,2,12,3,6,8,,,3,17,6,4,2,pending,
41,0,2,13,3,3,4,,,2,8,2,1,1,pending,
42,0,2,15,3,5,6,,,3,10,4,3,1,pending,
43,0,2,19,3,6,,,12,1,4,10,,,dropped,timeout
44,0,3,0,4,4,6,,,1,5,3,1,2,pending,
45,0,3,4,4,4,5,,,1,9,2,1,1,pending,
46,0,3,5,4,4,6,,,2,10,3,1,2,pending,
47,0,3,6,4,5,11,,,0,6,8,2,6,pending,
48,0,3,8,4,8,12,,,0,8,9,5,4,pending,
49,0,3,14,4,5,6,,,4,20,3,2,1,pending,
50,0,3,15,4,6,11,,,4,20,8,3,5,pending,
51,0,4,0,5,12,,,14,0,0,10,,,dropped,timeout
52,0,4,2,5,5,12,,,2,12,8,1,7,pending,
53,0,4,4,5,5,9,,,0,4,5,1,4,pending,
54,0,4,5,5,7,9,,,0,5,5,3,2,pending,
55,0,4,6,5,9,,,14,3,16,10,,,dropped,timeout
56,0,4,8,5,11,,,14,3,18,10,,,dropped,timeout
57,0,4,9,5,5,12,,,2,14,8,1,7,pending,
58,0,4,12,5,8,,,14,4,20,10,,,dropped,timeout
59,0,4,14,5,7,9,,,0,14,5,3,2,pending,
60,0,4,15,5,9,,,14,3,10,10,,,dropped,timeout
61,0,4,16,5,5,7,,,4,20,3,1,2,pending,
62,0,4,18,5,5,7,,,0,18,3,1,2,pending,
63,0,5,6,6,13,14,,,1,1,9,8,1,pending,
64,0,5,7,6,6,12,,,2,12,7,1,6,pending,
65,0,5,10,6,6,13,,,2,5,8,1,7,pending,
66,0,5,11,6,8,,,15,1,1,10,,,dropped,timeout
67,0,5,12,6,12,,,15,2,7,10,,,dropped,timeout
68,0,5,13,6,6,10,,,3,18,5,1,4,pending,
69,0,5,15,6,13,,,15,1,0,10,,,dropped,timeout
70,0,5,16,6,6,,,15,0,16,10,,,dropped,timeout
71,0,5,17,6,6,7,,,3,12,2,1,1,pending,
72,0,5,18,6,7,11,,,0,18,6,2,4,pending,
73,0,6,1,7,7,9,,,3,16,3,1,2,pending,
74,0,6,5,7,7,11,,,1,0,5,1,4,pending,
75,0,6,6,7,14,,,16,4,20,10,,,dropped,timeout
76,0,6,7,7,10,,,16,1,2,10,,,dropped,timeout
77,0,6,8,7,7,8,,,1,3,2,1,1,pending,
78,0,6,10,7,11,,,16,3,15,10,,,dropped,timeout
79,0,6,11,7,7,9,,,1,1,3,1,2,pending,
80,0,6,13,7,9,13,,,1,3,7,3,4,pending,
81,0,6,14,7,10,11,,,1,4,5,4,1,pending,
82,0,6,17,7,7,14,,,0,17,8,1,7,pending,
83,0,7,0,8,14,,,17,2,10,10,,,dropped,timeout
84,0,7,1,8,8,14,,,0,1,7,1,6,pending,
85,0,7,2,8,10,16,,,4,20,9,3,6,pending,
86,0,7,4,8,8,15,,,4,20,8,1,7,pending,
87,0,7,5,8,10,15,,,1,0,8,3,5,pending,
88,0,7,6,8,16,,,17,3,16,10,,,dropped,timeout
89,0,7,7,8,8,10,,,1,2,3,1,2,pending,
90,0,7,8,8,9,11,,,0,8,4,2,2,pending,
91,0,7,10,8,8,9,,,3,15,2,1,1,pending,
92,0,7,11,8,12,13,,,0,11,6,5,1,pending,
93,0,7,13,8,12,16,,,1,3,9,5,4,pending,
94,0,7,14,8,8,14,,,0,14,7,1,6,pending,
95,0,7,15,8,15,,,17,2,5,10,,,dropped,timeout
96,0,7,16,8,8,9,,,1,1,2,1,1,pending,
97,0,7,17,8,11,12,,,1,2,5,4,1,pending,
98,0,8,4,9,13,17,,,2,14,9,5,4,pending,
99,0,8,7,9,14,17,,,0,7,9,6,3,pending,
100,0,8,8,9,14,17,,,0,8,9,6,3,pending,
101,0,8,9,9,9,11,,,2,14,3,1,2,pending,
102,0,8,10,9,15,16,,,0,10,8,7,1,pending,
103,0,8,11,9,13,17,,,4,20,9,5,4,pending,
104,0,8,14,9,12,17,,,1,4,9,4,5,pending,
105,0,8,16,9,11,17,,,0,16,9,3,6,pending,
106,0,8,17,9,12,,,18,4,20,10,,,dropped,timeout
107,0,8,19,9,10,,,18,4,20,10,,,dropped,timeout
108,0,9,0,10,17,,,19,4,20,10,,,dropped,timeout
109,0,9,2,10,10,12,,,1,7,3,1,2,pending,
110,0,9,3,10,10,12,,,4,20,3,1,2,pending,
111,0,9,6,10,17,,,19,2,11,10,,,dropped,timeout
112,0,9,7,10,16,,,19,4,20,10,,,dropped,timeout
113,0,9,8,10,16,,,19,4,20,10,,,dropped,timeout
114,0,9,12,10,10,12,,,2,7,3,1,2,pending,
115,0,9,14,10,15,,,19,2,9,10,,,dropped,timeout
116,0,9,15,10,17,,,19,1,0,10,,,dropped,timeout
117,0,9,18,10,10,12,,,2,8,3,1,2,pending,
118,0,9,19,10,15,,,19,2,9,10,,,dropped,timeout
119,0,10,0,11,19,,,20,2,10,10,,,dropped,timeout
120,0,10,1,11,12,18,,,0,1,8,2,6,pending,
121,0,10,4,11,16,,,20,2,14,10,,,dropped,timeout
122,0,10,6,11,19,,,20,4,20,10,,,dropped,timeout
123,0,10,7,11,19,,,20,3,17,10,,,dropped,timeout
124,0,10,8,11,19,,,20,3,18,10,,,dropped,timeout
125,0,10,13,11,15,18,,,0,13,8,5,3,pending,
126,0,11,0,12,20,,,21,1,5,10,,,dropped,timeout
127,0,11,1,12,16,,,21,2,11,10,,,dropped,timeout
128,0,11,8,12,12,14,,,1,3,3,1,2,pending,
129,0,11,10,12,16,,,21,1,0,10,,,dropped,timeout
130,0,11,17,12,17,19,,,0,17,8,6,2,pending,
131,0,11,19,12,19,,,21,3,14,10,,,dropped,timeout
132,0,12,2,13,14,,,22,3,17,10,,,dropped,timeout
133,0,12,4,13,13,14,,,2,14,2,1,1,pending,
134,0,12,6,13,20,,,22,0,6,10,,,dropped,timeout
135,0,12,8,13,20,,,22,0,8,10,,,dropped,timeout
136,0,12,9,13,13,15,,,2,14,3,1,2,pending,
137,0,12,10,13,21,,,22,3,15,10,,,dropped,timeout
138,0,12,13,13,17,,,22,1,3,10,,,dropped,timeout
139,0,12,15,13,13,15,,,2,5,3,1,2,pending,
140,0,12,16,13,15,18,,,0,16,6,3,3,pending,
141,0,12,18,13,13,19,,,1,3,7,1,6,pending,
142,0,13,1,14,21,,,23,1,6,10,,,dropped,timeout
143,0,13,2,14,19,,,23,1,7,10,,,dropped,timeout
144,0,13,5,14,14,21,,,4,20,8,1,7,pending,
145,0,13,6,14,22,,,23,2,11,10,,,dropped,timeout
146,0,13,7,14,20,,,23,3,17,10,,,dropped,timeout
147,0,13,9,14,14,15,,,4,20,2,1,1,pending,
148,0,13,15,14,19,,,23,0,15,10,,,dropped,timeout
149,0,13,17,14,19,,,23,0,17,10,,,dropped,timeout
150,0,14,5,15,19,23,,,1,0,9,5,4,pending,
151,0,14,6,15,15,16,,,1,1,2,1,1,pending,
152,0,14,8,15,15,16,,,4,20,2,1,1,pending,
153,0,14,12,15,15,23,,,0,12,9,1,8,pending,
154,0,14,13,15,21,,,24,3,18,10,,,dropped,timeout
155,0,14,14,15,15,17,,,1,4,3,1,2,pending,
156,0,14,16,15,17,19,,,3,11,5,3,2,pending,
157,0,15,2,16,22,,,25,3,17,10,,,dropped,timeout
158,0,15,3,16,16,20,,,0,3,5,1,4,pending,
159,0,15,4,16,20,22,,,0,4,7,5,2,pending,
160,0,15,7,16,23,,,25,2,12,10,,,dropped,timeout
161,0,15,17,16,23,,,25,0,17,10,,,dropped,timeout
162,0,15,19,16,21,,,25,4,20,10,,,dropped,timeout
163,0,16,1,17,23,,,26,1,6,10,,,dropped,timeout
164,0,16,2,17,17,19,,,1,7,3,1,2,pending,
165,0,16,3,17,19,23,,,3,18,7,3,4,pending,
166,0,16,4,17,22,,,26,4,20,10,,,dropped,timeout
167,0,16,5,17,22,24,,,3,15,8,6,2,pending,
168,0,16,6,17,23,,,26,3,16,10,,,dropped,timeout
169,0,16,12,17,20,24,,,2,7,8,4,4,pending,
170,0,16,14,17,18,20,,,3,19,4,2,2,pending,
171,0,16,17,17,25,,,26,3,12,10,,,dropped,timeout
172,0,16,18,17,17,24,,,4,20,8,1,7,pending,
173,0,16,19,17,25,,,26,2,9,10,,,dropped,timeout
174,0,17,1,18,26,,,27,2,11,10,,,dropped,timeout
175,0,17,4,18,26,,,27,2,14,10,,,dropped,timeout
176,0,17,5,18,24,,,27,4,20,10,,,dropped,timeout
177,0,17,6,18,26,,,27,3,16,10,,,dropped,timeout
178,0,17,10,18,18,19,,,0,10,2,1,1,pending,
179,0,17,11,18,18,25,,,1,1,8,1,7,pending,
180,0,17,13,18,24,,,27,3,18,10,,,dropped,timeout
181,0,17,14,18,21,23,,,0,14,6,4,2,pending,
182,0,17,15,18,22,,,27,3,10,10,,,dropped,timeout
183,0,17,18,18,22,,,27,3,13,10,,,dropped,timeout
184,0,17,19,18,26,,,27,1,4,10,,,dropped,timeout
185,0,18,1,19,27,,,28,2,11,10,,,dropped,timeout
186,0,18,2,19,25,,,28,1,7,10,,,dropped,timeout
187,0,18,4,19,27,,,28,2,14,10,,,dropped,timeout
188,0,18,5,19,27,,,28,1,0,10,,,dropped,timeout
189,0,18,6,19,27,,,28,4,20,10,,,dropped,timeout
190,0,18,10,19,22,26,,,0,10,8,4,4,pending,
191,0,18,11,19,23,,,28,1,1,10,,,dropped,timeout
192,0,18,16,19,19,23,,,0,16,5,1,4,pending,
193,0,18,18,19,27,,,28,3,13,10,,,dropped,timeout
194,0,18,19,19,27,,,28,3,14,10,,,dropped,timeout
195,0,19,2,20,28,,,29,3,17,10,,,dropped,timeout
196,0,19,4,20,28,,,29,3,19,10,,,dropped,timeout
197,0,19,5,20,20,21,,,4,20,2,1,1,pending,
198,0,19,7,20,25,,,29,1,2,10,,,dropped,timeout
199,0,19,10,20,20,21,,,3,15,2,1,1,pending,
200,0,19,12,20,23,25,,,0,12,6,4,2,pending,
201,0,19,13,20,27,,,29,3,18,10,,,dropped,timeout
202,0,19,14,20,20,22,,,0,14,3,1,2,pending,
203,0,19,17,20,26,,,29,0,17,10,,,dropped,timeout
204,0,19,19,20,28,,,29,2,9,10,,,dropped,timeout
205,0,20,1,21,28,,,30,2,11,10,,,dropped,timeout
206,0,20,2,21,29,,,30,3,17,10,,,dropped,timeout
207,0,20,5,21,28,,,30,0,5,10,,,dropped,timeout
208,0,20,6,21,21,23,,,3,16,3,1,2,pending,
209,0,20,8,21,22,29,,,2,13,9,2,7,pending,
210,0,20,9,21,21,25,,,3,19,5,1,4,pending,
211,0,20,12,21,25,,,30,4,20,10,,,dropped,timeout
212,0,21,0,22,22,27,,,1,5,6,1,5,pending,
213,0,21,1,22,22,23,,,1,6,2,1,1,pending,
214,0,21,3,22,22,23,,,4,20,2,1,1,pending,
215,0,21,5,22,22,24,,,3,15,3,1,2,pending,
216,0,21,7,22,28,,,31,1,2,10,,,dropped,timeout
217,0,21,8,22,27,,,31,1,3,10,,,dropped,timeout
218,0,21,9,22,22,24,,,3,19,3,1,2,pending,
219,0,21,10,22,25,,,31,0,10,10,,,dropped,timeout
220,0,21,11,22,28,,,31,3,16,10,,,dropped,timeout
221,0,21,12,22,30,,,31,2,7,10,,,dropped,timeout
222,0,21,17,22,29,,,31,1,2,10,,,dropped,timeout
223,0,21,19,22,22,23,,,1,4,2,1,1,pending,
224,0,22,3,23,23,24,,,4,20,2,1,1,pending,
225,0,22,8,23,30,,,32,1,3,10,,,dropped,timeout
226,0,22,12,23,31,,,32,4,20,10,,,dropped,timeout
227,0,22,15,23,27,,,32,2,5,10,,,dropped,timeout
228,0,22,16,23,23,30,,,1,1,8,1,7,pending,
229,0,22,18,23,28,,,32,1,3,10,,,dropped,timeout
230,0,22,19,23,29,30,,,0,19,8,7,1,pending,
231,0,23,0,24,26,30,,,1,5,7,3,4,pending,
232,0,23,2,24,30,,,33,4,20,10,,,dropped,timeout
233,0,23,6,24,28,32,,,1,1,9,5,4,pending,
234,0,23,8,24,32,,,33,3,18,10,,,dropped,timeout
235,0,23,9,24,24,28,,,0,9,5,1,4,pending,
236,0,23,10,24,30,,,33,1,0,10,,,dropped,timeout
237,0,23,13,24,29,,,33,2,8,10,,,dropped,timeout
238,0,23,17,24,31,,,33,0,17,10,,,dropped,timeout
239,0,23,18,24,32,,,33,2,8,10,,,dropped,timeout
240,0,23,19,24,30,,,33,4,20,10,,,dropped,timeout
241,0,24,0,25,29,,,34,2,10,10,,,dropped,timeout
242,0,24,2,25,25,26,,,4,20,2,1,1,pending,
243,0,24,3,25,25,32,,,4,20,8,1,7,pending,
244,0,24,6,25,31,,,34,2,11,10,,,dropped,timeout
245,0,24,7,25,31,,,34,0,7,10,,,dropped,timeout
246,0,24,8,25,33,,,34,4,20,10,,,dropped,timeout
247,0,24,9,25,27,31,,,2,14,7,3,4,pending,
248,0,24,11,25,30,31,,,0,11,7,6,1,pending,
249,0,24,15,25,32,,,34,0,15,10,,,dropped,timeout
250,0,24,16,25,28,,,34,4,20,10,,,dropped,timeout
251,0,24,17,25,25,27,,,3,12,3,1,2,pending,
252,0,25,1,26,30,33,,,3,16,8,5,3,pending,
253,0,25,2,26,32,,,35,0,2,10,,,dropped,timeout
254,0,25,4,26,29,,,35,4,20,10,,,dropped,timeout
255,0,25,8,26,34,,,35,2,13,10,,,dropped,timeout
256,0,25,9,26,30,,,35,1,4,10,,,dropped,timeout
257,0,25,10,26,33,,,35,0,10,10,,,dropped,timeout
258,0,25,11,26,31,32,,,4,20,7,6,1,pending,
259,0,25,14,26,26,28,,,1,4,3,1,2,pending,
260,0,25,16,26,33,,,35,2,6,10,,,dropped,timeout
261,0,25,17,26,28,30,,,0,17,5,3,2,pending,
262,0,25,18,26,33,,,35,1,3,10,,,dropped,timeout
263,0,26,2,27,35,,,36,2,12,10,,,dropped,timeout
264,0,26,4,27,27,28,,,1,9,2,1,1,pending,
265,0,26,7,27,27,28,,,3,17,2,1,1,pending,
266,0,26,9,27,27,28,,,2,14,2,1,1,pending,
267,0,26,12,27,32,,,36,4,20,10,,,dropped,timeout
268,0,26,15,27,34,,,36,0,15,10,,,dropped,timeout
269,0,26,16,27,27,29,,,2,6,3,1,2,pending,
270,0,26,17,27,31,32,,,0,17,6,5,1,pending,
271,0,26,18,27,35,,,36,1,3,10,,,dropped,timeout
272,0,26,19,27,33,,,36,2,9,10,,,dropped,timeout
273,0,27,0,28,33,,,37,1,5,10,,,dropped,timeout
274,0,27,2,28,36,,,37,1,7,10,,,dropped,timeout
275,0,27,4,28,33,,,37,0,4,10,,,dropped,timeout
276,0,27,5,28,30,,,37,3,15,10,,,dropped,timeout
277,0,27,11,28,28,30,,,1,1,3,1,2,pending,
278,0,27,14,28,28,31,,,3,19,4,1,3,pending,
279,0,27,16,28,35,,,37,0,16,10,,,dropped,timeout
280,0,27,18,28,36,,,37,4,20,10,,,dropped,timeout
281,0,28,0,29,37,,,38,3,15,10,,,dropped,timeout
282,0,28,5,29,35,37,,,1,0,9,7,2,pending,
283,0,28,6,29,34,,,38,4,20,10,,,dropped,timeout
284,0,28,10,29,29,30,,,3,15,2,1,1,pending,
285,0,28,11,29,32,,,38,0,11,10,,,dropped,timeout
286,0,28,12,29,36,,,38,2,7,10,,,dropped,timeout
287,0,28,13,29,33,35,,,0,13,7,5,2,pending,
288,0,28,15,29,36,,,38,0,15,10,,,dropped,timeout
289,0,28,18,29,29,31,,,1,3,3,1,2,pending,
290,0,28,19,29,36,,,38,3,14,10,,,dropped,timeout
291,0,29,1,30,32,,,39,3,16,10,,,dropped,timeout
292,0,29,4,30,37,,,39,3,19,10,,,dropped,timeout
293,0,29,6,30,30,31,,,3,16,2,1,1,pending,
294,0,29,10,30,35,37,,,0,10,8,6,2,pending,
295,0,29,12,30,38,,,39,1,2,10,,,dropped,timeout
296,0,29,13,30,30,31,,,4,20,2,1,1,pending,
297,0,29,14,30,30,32,,,1,4,3,1,2,pending,
298,0,29,15,30,38,,,39,4,20,10,,,dropped,timeout
299,0,29,17,30,33,,,39,1,2,10,,,dropped,timeout
300,0,29,18,30,32,34,,,0,18,5,3,2,pending,
301,0,29,19,30,38,,,39,2,9,10,,,dropped,timeout
302,0,30,1,31,37,,,40,3,16,10,,,dropped,timeout
303,0,30,5,31,31,32,,,4,20,2,1,1,pending,
304,0,30,8,31,35,,,40,2,13,10,,,dropped,timeout
305,0,30,9,31,31,33,,,3,19,3,1,2,pending,
306,0,30,11,31,36,,,40,2,6,10,,,dropped,timeout
307,0,30,13,31,35,39,,,0,13,9,5,4,pending,
308,0,30,14,31,31,38,,,4,20,8,1,7,pending,
309,0,30,15,31,39,,,40,3,10,10,,,dropped,timeout
310,0,30,17,31,37,,,40,1,2,10,,,dropped,timeout
311,0,30,18,31,37,38,,,0,18,8,7,1,pending,
312,0,31,3,32,32,36,,,4,20,5,1,4,pending,
313,0,31,4,32,39,,,41,1,9,10,,,dropped,timeout
314,0,31,7,32,32,34,,,1,2,3,1,2,pending,
315,0,31,8,32,40,,,41,1,3,10,,,dropped,timeout
316,0,31,10,32,37,39,,,4,20,8,6,2,pending,
317,0,31,14,32,36,,,41,3,19,10,,,dropped,timeout
318,0,31,16,32,37,,,41,2,6,10,,,dropped,timeout
319,0,32,0,33,33,35,,,1,5,3,1,2,pending,
320,0,32,1,33,39,,,42,0,1,10,,,dropped,timeout
321,0,32,3,33,35,41,,,2,13,9,3,6,pending,
322,0,32,4,33,41,,,42,1,9,10,,,dropped,timeout
323,0,32,7,33,34,38,,,0,7,6,2,4,pending,
324,0,32,10,33,39,,,42,4,20,10,,,dropped,timeout
325,0,32,13,33,38,39,,,4,20,7,6,1,pending,
326,0,32,16,33,41,,,42,1,1,10,,,dropped,timeout
327,0,32,18,33,38,,,42,4,20,10,,,dropped,timeout
328,0,33,0,34,38,42,,,0,0,9,5,4,pending,
329,0,33,5,34,37,41,,,2,10,8,4,4,pending,
330,0,33,6,34,37,41,,,0,6,8,4,4,pending,
331,0,33,11,34,40,,,43,1,1,10,,,dropped,timeout
332,0,33,12,34,39,,,43,0,12,10,,,dropped,timeout
333,0,33,13,34,34,36,,,4,20,3,1,2,pending,
334,0,33,14,34,41,,,43,1,4,10,,,dropped,timeout
335,0,33,15,34,40,,,43,4,20,10,,,dropped,timeout
336,0,33,19,34,39,,,43,4,20,10,,,dropped,timeout
337,0,34,0,35,41,,,44,2,10,10,,,dropped,timeout
338,0,34,1,35,42,,,44,1,6,10,,,dropped,timeout
339,0,34,2,35,37,,,44,2,12,10,,,dropped,timeout
340,0,34,4,35,42,43,,,0,4,9,8,1,pending,
341,0,34,7,35,37,,,44,3,17,10,,,dropped,timeout
342,0,34,8,35,35,37,,,3,18,3,1,2,pending,
343,0,34,9,35,35,39,,,3,19,5,1,4,pending,
344,0,34,10,35,42,,,44,4,20,10,,,dropped,timeout
345,0,34,12,35,43,,,44,3,17,10,,,dropped,timeout
346,0,34,13,35,37,38,,,0,13,4,3,1,pending,
347,0,34,14,35,43,,,44,3,19,10,,,dropped,timeout
348,0,34,16,35,42,,,44,1,1,10,,,dropped,timeout
349,0,34,18,35,35,36,,,3,13,2,1,1,pending,
350,0,34,19,35,43,,,44,3,14,10,,,dropped,timeout
351,0,35,3,36,39,43,,,3,18,8,4,4,pending,
352,0,35,7,36,41,44,,,2,12,9,6,3,pending,
353,0,35,8,36,41,,,45,0,8,10,,,dropped,timeout
354,0,35,10,36,44,,,45,2,5,10,,,dropped,timeout
355,0,35,12,36,44,,,45,2,7,10,,,dropped,timeout
356,0,35,14,36,44,,,45,4,20,10,,,dropped,timeout
357,0,35,16,36,44,,,45,2,6,10,,,dropped,timeout
358,0,35,17,36,40,,,45,0,17,10,,,dropped,timeout
359,0,35,18,36,41,44,,,0,18,9,6,3,pending,
360,0,35,19,36,36,38,,,4,20,3,1,2,pending,
361,0,36,0,37,44,,,46,1,5,10,,,dropped,timeout
362,0,36,1,37,44,,,46,0,1,10,,,dropped,timeout
363,0,36,3,37,42,,,46,2,13,10,,,dropped,timeout
364,0,36,5,37,37,39,,,3,15,3,1,2,pending,
365,0,36,7,37,37,38,,,4,20,2,1,1,pending,
366,0,36,8,37,44,,,46,3,18,10,,,dropped,timeout
367,0,36,9,37,38,45,,,2,14,9,2,7,pending,
368,0,36,10,37,37,38,,,1,0,2,1,1,pending,
369,0,36,14,37,45,,,46,3,19,10,,,dropped,timeout
370,0,36,15,37,37,39,,,1,0,3,1,2,pending,
371,0,36,16,37,45,,,46,2,6,10,,,dropped,timeout
372,0,36,17,37,37,38,,,2,7,2,1,1,pending,
373,0,36,18,37,43,,,46,4,20,10,,,dropped,timeout
374,0,37,1,38,38,39,,,1,6,2,1,1,pending,
375,0,37,2,38,42,,,47,4,20,10,,,dropped,timeout
376,0,37,4,38,43,,,47,1,9,10,,,dropped,timeout
377,0,37,8,38,46,,,47,2,13,10,,,dropped,timeout
378,0,37,9,38,43,,,47,1,4,10,,,dropped,timeout
379,0,37,11,38,38,39,,,1,1,2,1,1,pending,
380,0,37,15,38,43,,,47,0,15,10,,,dropped,timeout
381,0,37,19,38,39,40,,,2,9,3,2,1,pending,
382,0,38,0,39,46,,,48,0,0,10,,,dropped,timeout
383,0,38,1,39,40,42,,,0,1,4,2,2,pending,
384,0,38,3,39,45,,,48,1,8,10,,,dropped,timeout
385,0,38,4,39,46,,,48,2,14,10,,,dropped,timeout
386,0,38,5,39,40,44,,,4,20,6,2,4,pending,
387,0,38,6,39,40,42,,,2,11,4,2,2,pending,
388,0,38,10,39,45,46,,,0,10,8,7,1,pending,
389,0,38,12,39,39,40,,,4,20,2,1,1,pending,
390,0,38,13,39,39,40,,,4,20,2,1,1,pending,
391,0,38,15,39,47,,,48,2,5,10,,,dropped,timeout
392,0,38,16,39,46,,,48,2,6,10,,,dropped,timeout
393,0,38,17,39,45,,,48,2,7,10,,,dropped,timeout
394,0,39,1,40,46,,,49,0,1,10,,,dropped,timeout
395,0,39,2,40,47,,,49,4,20,10,,,dropped,timeout
396,0,39,3,40,40,41,,,2,13,2,1,1,pending,
397,0,39,7,40,43,45,,,1,2,6,4,2,pending,
398,0,39,8,40,47,,,49,1,3,10,,,dropped,timeout
399,0,39,9,40,47,,,49,4,20,10,,,dropped,timeout
400,0,39,12,40,41,42,,,0,12,3,2,1,pending,
401,0,39,15,40,48,,,49,2,5,10,,,dropped,timeout
402,0,39,16,40,48,,,49,3,11,10,,,dropped,timeout
403,0,39,18,40,46,,,49,2,8,10,,,dropped,timeout
404,0,39,19,40,44,,,49,3,14,10,,,dropped,timeout
405,0,40,0,41,48,,,50,0,0,10,,,dropped,timeout
406,0,40,4,41,41,43,,,0,4,3,1,2,pending,
407,0,40,6,41,42,48,,,0,6,8,2,6,pending,
408,0,40,9,41,49,,,50,2,14,10,,,dropped,timeout
409,0,40,10,41,46,,,50,1,0,10,,,dropped,timeout
410,0,40,11,41,41,43,,,2,6,3,1,2,pending,
411,0,40,18,41,41,43,,,3,13,3,1,2,pending,
412,0,41,0,42,50,,,51,3,15,10,,,dropped,timeout
413,0,41,1,42,43,44,,,4,20,3,2,1,pending,
414,0,41,2,42,49,,,51,0,2,10,,,dropped,timeout
415,0,41,4,42,48,,,51,0,4,10,,,dropped,timeout
416,0,41,7,42,44,48,,,4,20,7,3,4,pending,
417,0,41,9,42,50,,,51,1,4,10,,,dropped,timeout
418,0,41,12,42,45,49,,,4,20,8,4,4,pending,
419,0,41,14,42,46,48,,,3,19,7,5,2,pending,
420,0,41,17,42,48,,,51,2,7,10,,,dropped,timeout
421,0,41,18,42,49,,,51,0,18,10,,,dropped,timeout
422,0,42,1,43,49,,,52,0,1,10,,,dropped,timeout
423,0,42,2,43,51,,,52,4,20,10,,,dropped,timeout
424,0,42,4,43,44,46,,,3,19,4,2,2,pending,
425,0,42,5,43,43,49,,,3,15,7,1,6,pending,
426,0,42,6,43,46,,,52,2,11,10,,,dropped,timeout
427,0,42,8,43,49,,,52,1,3,10,,,dropped,timeout
428,0,42,9,43,51,,,52,3,19,10,,,dropped,timeout
429,0,42,11,43,43,50,,,2,6,8,1,7,pending,
430,0,42,15,43,49,,,52,0,15,10,,,dropped,timeout
431,0,42,19,43,49,,,52,0,19,10,,,dropped,timeout
432,0,43,1,44,45,47,,,1,6,4,2,2,pending,
433,0,43,3,44,48,,,53,3,18,10,,,dropped,timeout
434,0,43,5,44,47,52,,,3,15,9,4,5,pending,
435,0,43,7,44,44,46,,,0,7,3,1,2,pending,
436,0,43,9,44,52,,,53,4,20,10,,,dropped,timeout
437,0,43,12,44,48,,,53,0,12,10,,,dropped,timeout
438,0,43,17,44,44,46,,,4,20,3,1,2,pending,
439,0,43,19,44,44,46,,,1,4,3,1,2,pending,
440,0,44,0,45,45,46,,,1,5,2,1,1,pending,
441,0,44,2,45,52,,,54,3,17,10,,,dropped,timeout
442,0,44,3,45,53,,,54,2,13,10,,,dropped,timeout
443,0,44,6,45,50,52,,,1,1,8,6,2,pending,
444,0,44,10,45,50,,,54,3,15,10,,,dropped,timeout
445,0,44,15,45,52,,,54,3,10,10,,,dropped,timeout
446,0,44,16,45,49,,,54,2,6,10,,,dropped,timeout
447,0,44,17,45,51,,,54,0,17,10,,,dropped,timeout
448,0,44,18,45,51,,,54,3,13,10,,,dropped,timeout
449,0,44,19,45,47,49,,,0,19,5,3,2,pending,
450,0,45,0,46,51,,,55,0,0,10,,,dropped,timeout
451,0,45,1,46,48,50,,,2,11,5,3,2,pending,
452,0,45,6,46,52,,,55,4,20,10,,,dropped,timeout
453,0,45,7,46,47,54,,,1,2,9,2,7,pending,
454,0,45,8,46,52,,,55,2,13,10,,,dropped,timeout
455,0,45,9,46,53,,,55,4,20,10,,,dropped,timeout
456,0,45,10,46,53,,,55,2,5,10,,,dropped,timeout
457,0,45,16,46,46,48,,,3,11,3,1,2,pending,
458,0,46,0,47,55,,,56,1,5,10,,,dropped,timeout
459,0,46,1,47,51,52,,,0,1,6,5,1,pending,
460,0,46,3,47,54,,,56,1,8,10,,,dropped,timeout
461,0,46,5,47,51,55,,,1,0,9,5,4,pending,
462,0,46,7,47,52,,,56,1,2,10,,,dropped,timeout
463,0,46,9,47,55,,,56,2,14,10,,,dropped,timeout
464,0,46,10,47,55,,,56,1,0,10,,,dropped,timeout
465,0,46,12,47,53,,,56,0,12,10,,,dropped,timeout
466,0,46,14,47,47,48,,,1,4,2,1,1,pending,
467,0,46,18,47,54,,,56,0,18,10,,,dropped,timeout
468,0,47,1,48,52,,,57,0,1,10,,,dropped,timeout
469,0,47,2,48,54,56,,,0,2,9,7,2,pending,
470,0,47,4,48,51,,,57,0,4,10,,,dropped,timeout
471,0,47,6,48,55,,,57,0,6,10,,,dropped,timeout
472,0,47,7,48,56,,,57,3,17,10,,,dropped,timeout
473,0,47,8,48,48,49,,,1,3,2,1,1,pending,
474,0,47,12,48,56,,,57,2,7,10,,,dropped,timeout
475,0,47,15,48,48,50,,,2,5,3,1,2,pending,
476,0,47,16,48,53,55,,,3,11,8,6,2,pending,
477,0,47,17,48,54,,,57,1,2,10,,,dropped,timeout
478,0,47,18,48,56,,,57,3,13,10,,,dropped,timeout
479,0,47,19,48,50,51,,,0,19,4,3,1,pending,
480,0,48,0,49,49,51,,,2,10,3,1,2,pending,
481,0,48,2,49,56,,,58,4,20,10,,,dropped,timeout
482,0,48,3,49,56,57,,,0,3,9,8,1,pending,
483,0,48,4,49,56,,,58,1,9,10,,,dropped,timeout
484,0,48,8,49,55,,,58,0,8,10,,,dropped,timeout
485,0,48,11,49,49,55,,,4,20,7,1,6,pending,
486,0,48,14,49,49,51,,,1,4,3,1,2,pending,
487,0,48,15,49,54,,,58,0,15,10,,,dropped,timeout
488,0,48,16,49,55,,,58,4,20,10,,,dropped,timeout
489,0,48,17,49,57,,,58,3,12,10,,,dropped,timeout
490,0,49,5,50,54,56,,,1,0,7,5,2,pending,
491,0,49,7,50,57,,,59,1,2,10,,,dropped,timeout
492,0,49,10,50,56,57,,,4,20,8,7,1,pending,
493,0,49,11,50,53,58,,,2,6,9,4,5,pending,
494,0,49,12,50,57,,,59,1,2,10,,,dropped,timeout
495,0,49,13,50,50,56,,,3,18,7,1,6,pending,
496,0,49,14,50,51,,,59,4,20,10,,,dropped,timeout
497,0,49,16,50,58,,,59,3,11,10,,,dropped,timeout
498,0,49,17,50,50,52,,,2,7,3,1,2,pending,
499,0,49,18,50,57,,,59,0,18,10,,,dropped,timeout
500,0,49,19,50,52,54,,,1,4,5,3,2,pending,
501,0,50,3,51,57,58,,,3,18,8,7,1,pending,
502,0,50,6,51,57,,,60,3,16,10,,,dropped,timeout
503,0,50,8,51,58,,,60,2,13,10,,,dropped,timeout
504,0,50,12,51,59,,,60,3,17,10,,,dropped,timeout
505,0,50,13,51,54,,,60,1,3,10,,,dropped,timeout
506,0,50,14,51,51,52,,,1,4,2,1,1,pending,
507,0,50,19,51,52,59,,,0,19,9,2,7,pending,
508,0,51,0,52,56,,,61,1,5,10,,,dropped,timeout
509,0,51,1,52,57,59,,,1,6,8,6,2,pending,
510,0,51,2,52,58,,,61,1,7,10,,,dropped,timeout
511,0,51,3,52,52,54,,,4,20,3,1,2,pending,
512,0,51,4,52,58,59,,,1,9,8,7,1,pending,
513,0,51,5,52,56,,,61,4,20,10,,,dropped,timeout
514,0,51,6,52,52,54,,,3,16,3,1,2,pending,
515,0,51,8,52,60,,,61,1,3,10,,,dropped,timeout
516,0,51,10,52,57,,,61,2,5,10,,,dropped,timeout
517,0,51,11,52,57,,,61,2,6,10,,,dropped,timeout
518,0,51,14,52,56,,,61,0,14,10,,,dropped,timeout
519,0,51,15,52,52,54,,,0,15,3,1,2,pending,
520,0,51,16,52,59,,,61,3,11,10,,,dropped,timeout
521,0,51,18,52,59,,,61,0,18,10,,,dropped,timeout
522,0,52,2,53,61,,,62,2,12,10,,,dropped,timeout
523,0,52,4,53,59,,,62,4,20,10,,,dropped,timeout
524,0,52,5,53,61,,,62,2,10,10,,,dropped,timeout
525,0,52,12,53,60,,,62,2,7,10,,,dropped,timeout
526,0,52,13,53,58,,,62,2,8,10,,,dropped,timeout
527,0,52,14,53,60,,,62,2,9,10,,,dropped,timeout
528,0,52,16,53,53,54,,,4,20,2,1,1,pending,
529,0,52,17,53,58,60,,,2,7,8,6,2,pending,
530,0,53,0,54,54,55,,,3,15,2,1,1,pending,
531,0,53,2,54,62,,,63,4,20,10,,,dropped,timeout
532,0,53,3,54,58,,,63,1,8,10,,,dropped,timeout
533,0,53,4,54,62,,,63,1,9,10,,,dropped,timeout
534,0,53,6,54,60,,,63,3,16,10,,,dropped,timeout
535,0,53,7,54,59,61,,,2,12,8,6,2,pending,
536,0,53,8,54,61,,,63,2,13,10,,,dropped,timeout
537,0,53,10,54,61,,,63,3,15,10,,,dropped,timeout
538,0,53,12,54,54,55,,,1,2,2,1,1,pending,
539,0,53,15,54,57,58,,,2,5,5,4,1,pending,
540,0,53,16,54,61,,,63,0,16,10,,,dropped,timeout
541,0,54,1,55,59,,,64,0,1,10,,,dropped,timeout
542,0,54,2,55,63,,,64,4,20,10,,,dropped,timeout
543,0,54,3,55,63,,,64,3,18,10,,,dropped,timeout
544,0,54,6,55,63,,,64,3,16,10,,,dropped,timeout
545,0,54,9,55,56,62,,,2,14,8,2,6,pending,
546,0,54,10,55,63,,,64,3,15,10,,,dropped,timeout
547,0,54,11,55,55,57,,,1,1,3,1,2,pending,
548,0,54,14,55,62,,,64,1,4,10,,,dropped,timeout
549,0,54,18,55,61,,,64,4,20,10,,,dropped,timeout
550,0,55,2,56,64,,,65,2,12,10,,,dropped,timeout
551,0,55,3,56,64,,,65,3,18,10,,,dropped,timeout
552,0,55,4,56,63,,,65,4,20,10,,,dropped,timeout
553,0,55,6,56,56,58,,,1,1,3,1,2,pending,
554,0,55,8,56,63,,,65,4,20,10,,,dropped,timeout
555,0,55,13,56,62,,,65,0,13,10,,,dropped,timeout
556,0,55,14,56,64,,,65,2,9,10,,,dropped,timeout
557,0,55,16,56,63,,,65,1,1,10,,,dropped,timeout
558,0,55,17,56,60,,,65,1,2,10,,,dropped,timeout
559,0,55,18,56,56,58,,,3,13,3,1,2,pending,
560,0,55,19,56,56,,,65,0,19,10,,,dropped,timeout
561,0,56,3,57,65,,,66,3,18,10,,,dropped,timeout
562,0,56,4,57,57,58,,,3,19,2,1,1,pending,
563,0,56,6,57,59,61,,,0,6,5,3,2,pending,
564,0,56,7,57,57,58,,,2,12,2,1,1,pending,
565,0,56,11,57,61,63,,,4,20,7,5,2,pending,
566,0,56,13,57,57,59,,,1,3,3,1,2,pending,
567,0,56,14,57,57,58,,,1,4,2,1,1,pending,
568,0,56,15,57,58,62,,,4,20,6,2,4,pending,
569,0,56,18,57,64,,,66,0,18,10,,,dropped,timeout
570,0,56,19,57,61,,,66,3,14,10,,,dropped,timeout
571,0,57,1,58,63,,,67,0,1,10,,,dropped,timeout
572,0,57,2,58,65,,,67,4,20,10,,,dropped,timeout
573,0,57,3,58,66,,,67,4,20,10,,,dropped,timeout
574,0,57,5,58,62,,,67,4,20,10,,,dropped,timeout
575,0,57,8,58,65,,,67,4,20,10,,,dropped,timeout
576,0,57,9,58,60,65,,,2,14,8,3,5,pending,
577,0,57,10,58,64,,,67,3,15,10,,,dropped,timeout
578,0,57,11,58,63,,,67,4,20,10,,,dropped,timeout
579,0,57,12,58,62,66,,,1,2,9,5,4,pending,
580,0,57,14,58,65,,,67,0,14,10,,,dropped,timeout
581,0,57,19,58,65,,,67,2,9,10,,,dropped,timeout
582,0,58,0,59,60,61,,,1,5,3,2,1,pending,
583,0,58,3,59,67,,,68,2,13,10,,,dropped,timeout
584,0,58,5,59,66,,,68,3,15,10,,,dropped,timeout
585,0,58,6,59,62,63,,,3,16,5,4,1,pending,
586,0,58,10,59,59,60,,,2,5,2,1,1,pending,
587,0,58,11,59,67,,,68,3,16,10,,,dropped,timeout
588,0,58,14,59,67,,,68,2,9,10,,,dropped,timeout
589,0,58,15,59,59,61,,,3,10,3,1,2,pending,
590,0,58,16,59,65,,,68,4,20,10,,,dropped,timeout
591,0,58,17,59,64,,,68,2,7,10,,,dropped,timeout
592,0,58,18,59,66,,,68,0,18,10,,,dropped,timeout
593,0,59,0,60,61,68,,,4,20,9,2,7,pending,
594,0,59,1,60,60,61,,,4,20,2,1,1,pending,
595,0,59,4,60,65,,,69,3,19,10,,,dropped,timeout
596,0,59,5,60,68,,,69,3,15,10,,,dropped,timeout
597,0,59,7,60,61,63,,,2,12,4,2,2,pending,
598,0,59,10,60,67,,,69,0,10,10,,,dropped,timeout
599,0,59,12,60,65,,,69,4,20,10,,,dropped,timeout
600,0,59,14,60,68,,,69,4,20,10,,,dropped,timeout
601,0,59,17,60,68,,,69,1,2,10,,,dropped,timeout
602,0,60,1,61,67,,,70,0,1,10,,,dropped,timeout
603,0,60,3,61,61,63,,,0,3,3,1,2,pending,
604,0,60,13,61,65,,,70,4,20,10,,,dropped,timeout
605,0,60,14,61,69,,,70,2,9,10,,,dropped,timeout
606,0,60,17,61,69,,,70,2,7,10,,,dropped,timeout
607,0,60,19,61,67,,,70,3,14,10,,,dropped,timeout
608,0,61,1,62,70,,,71,1,6,10,,,dropped,timeout
609,0,61,2,62,67,,,71,0,2,10,,,dropped,timeout
610,0,61,3,62,68,,,71,0,3,10,,,dropped,timeout
611,0,61,5,62,69,,,71,2,10,10,,,dropped,timeout
612,0,61,8,62,67,69,,,0,8,8,6,2,pending,
613,0,61,9,62,63,69,,,4,20,8,2,6,pending,
614,0,61,10,62,69,,,71,1,0,10,,,dropped,timeout
615,0,61,16,62,68,,,71,0,16,10,,,dropped,timeout
616,0,61,17,62,70,,,71,3,12,10,,,dropped,timeout
617,0,61,18,62,68,69,,,4,20,8,7,1,pending,
618,0,62,2,63,70,,,72,3,17,10,,,dropped,timeout
619,0,62,4,63,69,70,,,0,4,8,7,1,pending,
620,0,62,8,63,69,,,72,4,20,10,,,dropped,timeout
621,0,62,9,63,67,,,72,1,4,10,,,dropped,timeout
622,0,62,11,63,68,,,72,0,11,10,,,dropped,timeout
623,0,62,15,63,63,67,,,3,10,5,1,4,pending,
624,0,62,18,63,69,,,72,4,20,10,,,dropped,timeout
625,0,63,0,64,64,65,,,4,20,2,1,1,pending,
626,0,63,2,64,72,,,73,3,17,10,,,dropped,timeout
627,0,63,4,64,70,,,73,4,20,10,,,dropped,timeout
628,0,63,6,64,64,66,,,2,11,3,1,2,pending,
629,0,63,9,64,72,,,73,2,14,10,,,dropped,timeout
630,0,63,10,64,71,,,73,3,15,10,,,dropped,timeout
631,0,63,14,64,70,,,73,0,14,10,,,dropped,timeout
632,0,63,15,64,64,65,,,1,0,2,1,1,pending,
633,0,63,16,64,71,,,73,0,16,10,,,dropped,timeout
634,0,64,0,65,66,70,,,0,0,6,2,4,pending,
635,0,64,1,65,71,,,74,4,20,10,,,dropped,timeout
636,0,64,4,65,65,66,,,2,14,2,1,1,pending,
637,0,64,6,65,65,69,,,0,6,5,1,4,pending,
638,0,64,9,65,73,,,74,4,20,10,,,dropped,timeout
639,0,64,10,65,73,,,74,1,0,10,,,dropped,timeout
640,0,64,14,65,73,,,74,2,9,10,,,dropped,timeout
641,0,64,16,65,65,66,,,3,11,2,1,1,pending,
642,0,64,18,65,72,,,74,2,8,10,,,dropped,timeout
643,0,65,0,66,66,67,,,3,15,2,1,1,pending,
644,0,65,7,66,66,,,75,2,12,10,,,dropped,timeout
645,0,65,16,66,73,,,75,0,16,10,,,dropped,timeout
646,0,65,17,66,71,,,75,4,20,10,,,dropped,timeout
647,0,65,18,66,74,,,75,2,8,10,,,dropped,timeout
648,0,65,19,66,70,,,75,3,14,10,,,dropped,timeout
649,0,66,0,67,68,70,,,0,0,4,2,2,pending,
650,0,66,4,67,73,,,76,4,20,10,,,dropped,timeout
651,0,66,7,67,71,,,76,1,2,10,,,dropped,timeout
652,0,66,11,67,71,75,,,4,20,9,5,4,pending,
653,0,66,12,67,68,73,,,3,17,7,2,5,pending,
654,0,66,13,67,69,,,76,1,3,10,,,dropped,timeout
655,0,66,16,67,75,,,76,3,11,10,,,dropped,timeout
656,0,66,17,67,75,,,76,1,2,10,,,dropped,timeout
657,0,66,18,67,75,,,76,2,8,10,,,dropped,timeout
658,0,67,1,68,74,,,77,4,20,10,,,dropped,timeout
659,0,67,3,68,71,73,,,2,13,6,4,2,pending,
660,0,67,8,68,72,,,77,4,20,10,,,dropped,timeout
661,0,67,11,68,74,,,77,3,16,10,,,dropped,timeout
662,0,67,14,68,68,70,,,0,14,3,1,2,pending,
663,0,67,18,68,76,,,77,4,20,10,,,dropped,timeout
664,0,67,19,68,68,70,,,0,19,3,1,2,pending,
665,0,68,1,69,69,70,,,1,6,2,1,1,pending,
666,0,68,3,69,69,70,,,4,20,2,1,1,pending,
667,0,68,6,69,69,73,,,3,16,5,1,4,pending,
668,0,68,7,69,69,71,,,0,7,3,1,2,pending,
669,0,68,10,69,69,70,,,4,20,2,1,1,pending,
670,0,68,12,69,71,77,,,4,20,9,3,6,pending,
671,0,68,14,69,74,,,78,0,14,10,,,dropped,timeout
672,0,68,15,69,69,70,,,0,15,2,1,1,pending,
673,0,68,18,69,77,,,78,3,13,10,,,dropped,timeout
674,0,68,19,69,74,76,,,0,19,8,6,2,pending,
675,0,69,1,70,71,72,,,0,1,3,2,1,pending,
676,0,69,5,70,70,71,,,4,20,2,1,1,pending,
677,0,69,6,70,72,74,,,1,1,5,3,2,pending,
678,0,69,8,70,77,,,79,0,8,10,,,dropped,timeout
679,0,69,9,70,74,,,79,3,19,10,,,dropped,timeout
680,0,69,11,70,70,71,,,3,16,2,1,1,pending,
681,0,69,12,70,70,72,,,3,17,3,1,2,pending,
682,0,69,14,70,77,,,79,2,9,10,,,dropped,timeout
683,0,69,16,70,76,,,79,3,11,10,,,dropped,timeout
684,0,69,18,70,78,,,79,3,13,10,,,dropped,timeout
685,0,70,0,71,71,,,80,1,5,10,,,dropped,timeout
686,0,70,1,71,77,,,80,0,1,10,,,dropped,timeout
687,0,70,3,71,73,77,,,0,3,7,3,4,pending,
688,0,70,5,71,71,78,,,0,5,8,1,7,pending,
689,0,70,8,71,71,73,,,1,3,3,1,2,pending,
690,0,70,9,71,79,,,80,2,14,10,,,dropped,timeout
691,0,70,10,71,74,,,80,1,0,10,,,dropped,timeout
692,0,70,12,71,75,,,80,0,12,10,,,dropped,timeout
693,0,70,16,71,78,,,80,4,20,10,,,dropped,timeout
694,0,70,17,71,76,,,80,0,17,10,,,dropped,timeout
695,0,70,18,71,79,,,80,3,13,10,,,dropped,timeout
696,0,70,19,71,76,,,80,1,4,10,,,dropped,timeout
697,0,71,1,72,80,,,81,2,11,10,,,dropped,timeout
698,0,71,2,72,72,74,,,0,2,3,1,2,pending,
699,0,71,4,72,76,,,81,1,9,10,,,dropped,timeout
700,0,71,6,72,74,78,,,0,6,7,3,4,pending,
701,0,71,8,72,79,,,81,0,8,10,,,dropped,timeout
702,0,71,9,72,80,,,81,4,20,10,,,dropped,timeout
703,0,71,14,72,79,,,81,1,4,10,,,dropped,timeout
704,0,71,17,72,80,,,81,1,2,10,,,dropped,timeout
705,0,71,18,72,80,,,81,2,8,10,,,dropped,timeout
706,0,72,1,73,81,,,82,2,11,10,,,dropped,timeout
707,0,72,2,73,73,79,,,0,2,7,1,6,pending,
708,0,72,3,73,73,74,,,0,3,2,1,1,pending,
709,0,72,7,73,73,75,,,1,2,3,1,2,pending,
710,0,72,8,73,74,76,,,2,13,4,2,2,pending,
711,0,72,10,73,78,,,82,1,0,10,,,dropped,timeout
712,0,72,12,73,73,75,,,1,2,3,1,2,pending,
713,0,72,18,73,81,,,82,3,13,10,,,dropped,timeout
714,0,73,12,74,79,81,,,0,12,8,6,2,pending,
715,0,73,16,74,80,82,,,0,16,9,7,2,pending,
716,0,73,18,74,82,,,83,4,20,10,,,dropped,timeout
717,0,73,19,74,79,,,83,2,9,10,,,dropped,timeout
718,0,74,5,75,75,77,,,1,0,3,1,2,pending,
719,0,74,6,75,77,83,,,4,20,9,3,6,pending,
720,0,74,7,75,76,77,,,3,17,3,2,1,pending,
721,0,74,8,75,81,,,84,1,3,10,,,dropped,timeout
722,0,74,9,75,81,,,84,2,14,10,,,dropped,timeout
723,0,74,10,75,82,,,84,3,15,10,,,dropped,timeout
724,0,74,13,75,75,77,,,0,13,3,1,2,pending,
725,0,74,15,75,75,77,,,2,5,3,1,2,pending,
726,0,74,16,75,82,,,84,4,20,10,,,dropped,timeout
727,0,74,17,75,81,,,84,0,17,10,,,dropped,timeout
728,0,75,3,76,76,79,,,2,13,4,1,3,pending,
729,0,75,6,76,81,,,85,3,16,10,,,dropped,timeout
730,0,75,12,76,81,,,85,1,2,10,,,dropped,timeout
731,0,75,13,76,77,,,85,4,20,10,,,dropped,timeout
732,0,75,15,76,77,79,,,4,20,4,2,2,pending,
733,0,75,18,76,83,,,85,1,3,10,,,dropped,timeout
734,0,75,19,76,83,,,85,4,20,10,,,dropped,timeout
735,0,76,0,77,77,78,,,2,10,2,1,1,pending,
736,0,76,1,77,82,,,86,0,1,10,,,dropped,timeout
737,0,76,2,77,77,81,,,3,17,5,1,4,pending,
738,0,76,3,77,78,80,,,4,20,4,2,2,pending,
739,0,76,4,77,81,83,,,0,4,7,5,2,pending,
740,0,76,5,77,77,,,86,0,5,10,,,dropped,timeout
741,0,76,8,77,84,,,86,0,8,10,,,dropped,timeout
742,0,76,9,77,84,,,86,4,20,10,,,dropped,timeout
743,0,76,11,77,77,84,,,3,16,8,1,7,pending,
744,0,76,12,77,85,,,86,3,17,10,,,dropped,timeout
745,0,76,13,77,82,,,86,2,8,10,,,dropped,timeout
746,0,76,15,77,78,80,,,4,20,4,2,2,pending,
747,0,76,19,77,77,78,,,3,14,2,1,1,pending,
748,0,77,0,78,78,82,,,4,20,5,1,4,pending,
749,0,77,2,78,80,84,,,1,7,7,3,4,pending,
750,0,77,3,78,79,86,,,4,20,9,2,7,pending,
751,0,77,5,78,78,79,,,1,0,2,1,1,pending,
752,0,77,8,78,86,,,87,4,20,10,,,dropped,timeout
753,0,77,9,78,86,,,87,4,20,10,,,dropped,timeout
754,0,77,12,78,86,,,87,1,2,10,,,dropped,timeout
755,0,77,14,78,81,83,,,2,9,6,4,2,pending,
756,0,77,15,78,80,86,,,4,20,9,3,6,pending,
757,0,77,18,78,78,79,,,0,18,2,1,1,pending,
758,0,77,19,78,85,,,87,0,19,10,,,dropped,timeout
759,0,78,0,79,81,,,88,1,5,10,,,dropped,timeout
760,0,78,1,79,86,,,88,4,20,10,,,dropped,timeout
761,0,78,4,79,83,87,,,1,9,9,5,4,pending,
762,0,78,8,79,87,,,88,4,20,10,,,dropped,timeout
763,0,78,11,79,82,84,,,0,11,6,4,2,pending,
764,0,78,13,79,85,,,88,3,18,10,,,dropped,timeout
765,0,78,14,79,83,,,88,4,20,10,,,dropped,timeout
766,0,78,16,79,84,,,88,0,16,10,,,dropped,timeout
767,0,78,17,79,84,,,88,0,17,10,,,dropped,timeout
768,0,78,18,79,85,,,88,0,18,10,,,dropped,timeout
769,0,78,19,79,79,81,,,2,9,3,1,2,pending,
770,0,79,0,80,86,,,89,2,10,10,,,dropped,timeout
771,0,79,3,80,83,,,89,1,8,10,,,dropped,timeout
772,0,79,5,80,82,86,,,2,10,7,3,4,pending,
773,0,79,6,80,84,88,,,0,6,9,5,4,pending,
774,0,79,7,80,80,86,,,3,17,7,1,6,pending,
775,0,79,8,80,88,,,89,3,18,10,,,dropped,timeout
776,0,79,10,80,84,,,89,0,10,10,,,dropped,timeout
777,0,79,11,80,84,,,89,4,20,10,,,dropped,timeout
778,0,79,12,80,87,,,89,0,12,10,,,dropped,timeout
779,0,79,15,80,80,81,,,1,0,2,1,1,pending,
780,0,79,17,80,87,,,89,1,2,10,,,dropped,timeout
781,0,79,18,80,88,,,89,2,8,10,,,dropped,timeout
782,0,80,2,81,83,,,90,2,12,10,,,dropped,timeout
783,0,80,4,81,86,,,90,4,20,10,,,dropped,timeout
784,0,80,5,81,85,,,90,2,10,10,,,dropped,timeout
785,0,80,7,81,84,,,90,1,2,10,,,dropped,timeout
786,0,80,8,81,89,,,90,2,13,10,,,dropped,timeout
787,0,80,9,81,87,88,,,1,4,8,7,1,pending,
788,0,80,10,81,81,83,,,3,15,3,1,2,pending,
789,0,80,13,81,81,83,,,3,18,3,1,2,pending,
790,0,80,14,81,81,82,,,0,14,2,1,1,pending,
791,0,80,16,81,88,,,90,4,20,10,,,dropped,timeout
792,0,80,18,81,89,,,90,3,13,10,,,dropped,timeout
793,0,81,0,82,89,,,91,3,15,10,,,dropped,timeout
794,0,81,1,82,82,83,,,4,20,2,1,1,pending,
795,0,81,3,82,88,,,91,3,18,10,,,dropped,timeout
796,0,81,7,82,88,,,91,3,17,10,,,dropped,timeout
797,0,81,12,82,89,,,91,4,20,10,,,dropped,timeout
798,0,81,13,82,88,,,91,0,13,10,,,dropped,timeout
799,0,81,14,82,83,84,,,0,14,3,2,1,pending,
800,0,81,15,82,83,85,,,2,5,4,2,2,pending,
801,0,81,18,82,90,,,91,2,8,10,,,dropped,timeout
802,0,81,19,82,87,,,91,2,9,10,,,dropped,timeout
803,0,82,4,83,89,,,92,1,9,10,,,dropped,timeout
804,0,82,5,83,89,90,,,1,0,8,7,1,pending,
805,0,82,6,83,87,88,,,1,1,6,5,1,pending,
806,0,82,7,83,91,,,92,1,2,10,,,dropped,timeout
807,0,82,8,83,90,,,92,1,3,10,,,dropped,timeout
808,0,82,12,83,91,,,92,1,2,10,,,dropped,timeout
809,0,82,13,83,84,85,,,2,8,3,2,1,pending,
810,0,82,15,83,85,,,92,4,20,10,,,dropped,timeout
811,0,82,16,83,90,91,,,1,1,9,8,1,pending,
812,0,82,17,83,89,,,92,2,7,10,,,dropped,timeout
813,0,83,0,84,91,92,,,4,20,9,8,1,pending,
814,0,83,4,84,92,,,93,3,19,10,,,dropped,timeout
815,0,83,7,84,92,,,93,4,20,10,,,dropped,timeout
816,0,83,8,84,92,,,93,3,18,10,,,dropped,timeout
817,0,83,9,84,88,90,,,4,20,7,5,2,pending,
818,0,83,11,84,89,,,93,1,1,10,,,dropped,timeout
819,0,83,12,84,92,,,93,2,7,10,,,dropped,timeout
820,0,83,14,84,87,,,93,1,4,10,,,dropped,timeout
821,0,83,15,84,90,,,93,3,10,10,,,dropped,timeout
822,0,83,16,84,91,,,93,4,20,10,,,dropped,timeout
823,0,83,19,84,91,,,93,0,19,10,,,dropped,timeout
824,0,84,0,85,92,,,94,4,20,10,,,dropped,timeout
825,0,84,4,85,93,,,94,4,20,10,,,dropped,timeout
826,0,84,6,85,88,,,94,4,20,10,,,dropped,timeout
827,0,84,10,85,88,,,94,3,15,10,,,dropped,timeout
828,0,84,12,85,93,,,94,3,17,10,,,dropped,timeout
829,0,84,13,85,91,93,,,2,8,9,7,2,pending,
830,0,84,15,85,93,,,94,1,0,10,,,dropped,timeout
831,0,84,19,85,85,87,,,2,9,3,1,2,pending,
832,0,85,2,86,88,92,,,1,7,7,3,4,pending,
833,0,85,4,86,94,,,95,1,9,10,,,dropped,timeout
834,0,85,5,86,86,87,,,0,5,2,1,1,pending,
835,0,85,6,86,93,,,95,1,1,10,,,dropped,timeout
836,0,85,8,86,93,,,95,1,3,10,,,dropped,timeout
837,0,85,13,86,93,,,95,4,20,10,,,dropped,timeout
838,0,85,14,86,92,,,95,1,4,10,,,dropped,timeout
839,0,85,16,86,93,,,95,1,1,10,,,dropped,timeout
840,0,85,17,86,92,94,,,3,12,9,7,2,pending,
841,0,86,0,87,94,95,,,0,0,9,8,1,pending,
842,0,86,2,87,87,88,,,2,12,2,1,1,pending,
843,0,86,3,87,91,93,,,3,18,7,5,2,pending,
844,0,86,5,87,90,,,96,0,5,10,,,dropped,timeout
845,0,86,6,87,95,,,96,3,16,10,,,dropped,timeout
846,0,86,8,87,95,,,96,4,20,10,,,dropped,timeout
847,0,86,11,87,87,88,,,3,16,2,1,1,pending,
848,0,86,12,87,94,,,96,0,12,10,,,dropped,timeout
849,0,86,16,87,95,,,96,4,20,10,,,dropped,timeout
850,0,86,19,87,88,90,,,3,14,4,2,2,pending,
851,0,87,0,88,95,,,97,4,20,10,,,dropped,timeout
852,0,87,1,88,88,95,,,1,6,8,1,7,pending,
853,0,87,3,88,93,,,97,4,20,10,,,dropped,timeout
854,0,87,4,88,95,,,97,4,20,10,,,dropped,timeout
855,0,87,5,88,95,,,97,3,15,10,,,dropped,timeout
856,0,87,7,88,93,96,,,3,17,9,6,3,pending,
857,0,87,8,88,96,,,97,1,3,10,,,dropped,timeout
858,0,87,9,88,90,94,,,3,19,7,3,4,pending,
859,0,87,10,88,88,89,,,3,15,2,1,1,pending,
860,0,87,11,88,92,96,,,0,11,9,5,4,pending,
861,0,87,15,88,94,,,97,2,5,10,,,dropped,timeout
862,0,87,16,88,96,,,97,1,1,10,,,dropped,timeout
863,0,87,17,88,94,,,97,4,20,10,,,dropped,timeout
864,0,88,0,89,96,,,98,4,20,10,,,dropped,timeout
865,0,88,2,89,91,96,,,2,12,8,3,5,pending,
866,0,88,4,89,96,,,98,4,20,10,,,dropped,timeout
867,0,88,5,89,97,,,98,2,10,10,,,dropped,timeout
868,0,88,10,89,93,,,98,0,10,10,,,dropped,timeout
869,0,88,12,89,96,,,98,1,2,10,,,dropped,timeout
870,0,88,15,89,89,90,,,2,5,2,1,1,pending,
871,0,88,16,89,97,,,98,3,11,10,,,dropped,timeout
872,0,88,17,89,97,,,98,3,12,10,,,dropped,timeout
873,0,88,18,89,91,96,,,3,13,8,3,5,pending,
874,0,89,0,90,98,,,99,3,15,10,,,dropped,timeout
875,0,89,3,90,96,,,99,3,18,10,,,dropped,timeout
876,0,89,4,90,90,91,,,1,9,2,1,1,pending,
877,0,89,6,90,96,,,99,2,11,10,,,dropped,timeout
878,0,89,8,90,97,,,99,2,13,10,,,dropped,timeout
879,0,89,10,90,98,,,99,2,5,10,,,dropped,timeout
880,0,89,11,90,95,,,99,3,16,10,,,dropped,timeout
881,0,89,12,90,90,91,,,3,17,2,1,1,pending,
882,0,89,15,90,97,,,99,0,15,10,,,dropped,timeout
883,0,90,0,91,99,,,100,3,15,10,,,dropped,timeout
884,0,90,1,91,93,99,,,2,11,9,3,6,pending,
885,0,90,3,91,99,,,100,3,18,10,,,dropped,timeout
886,0,90,5,91,98,,,100,2,10,10,,,dropped,timeout
887,0,90,8,91,99,,,100,3,18,10,,,dropped,timeout
888,0,90,9,91,93,96,,,1,4,6,3,3,pending,
889,0,90,14,91,95,,,100,3,19,10,,,dropped,timeout
890,0,91,0,92,100,,,101,1,5,10,,,dropped,timeout
891,0,91,1,92,97,,,101,2,11,10,,,dropped,timeout
892,0,91,2,92,95,100,,,4,20,9,4,5,pending,
893,0,91,3,92,100,,,101,1,8,10,,,dropped,timeout
894,0,91,5,92,92,94,,,2,10,3,1,2,pending,
895,0,91,7,92,95,,,101,1,2,10,,,dropped,timeout
896,0,91,8,92,100,,,101,1,3,10,,,dropped,timeout
897,0,91,10,92,92,94,,,0,10,3,1,2,pending,
898,0,91,11,92,99,,,101,2,6,10,,,dropped,timeout
899,0,91,15,92,92,94,,,2,5,3,1,2,pending,
900,0,91,16,92,98,,,101,1,1,10,,,dropped,timeout
901,0,92,1,93,101,,,102,1,6,10,,,dropped,timeout
902,0,92,2,93,99,100,,,2,12,8,7,1,pending,
903,0,92,3,93,93,95,,,4,20,3,1,2,pending,
904,0,92,4,93,93,94,,,0,4,2,1,1,pending,
905,0,92,5,93,100,101,,,0,5,9,8,1,pending,
906,0,92,8,93,93,95,,,2,13,3,1,2,pending,
907,0,92,9,93,95,99,,,1,4,7,3,4,pending,
908,0,92,12,93,98,,,102,0,12,10,,,dropped,timeout
909,0,92,13,93,95,101,,,3,18,9,3,6,pending,
910,0,92,14,93,100,,,102,1,4,10,,,dropped,timeout
911,0,92,16,93,101,,,102,3,11,10,,,dropped,timeout
912,0,92,18,93,95,99,,,2,8,7,3,4,pending,
913,0,93,0,94,101,,,103,0,0,10,,,dropped,timeout
914,0,93,1,94,102,,,103,4,20,10,,,dropped,timeout
915,0,93,2,94,100,,,103,4,20,10,,,dropped,timeout
916,0,93,3,94,101,,,103,0,3,10,,,dropped,timeout
917,0,93,4,94,98,,,103,0,4,10,,,dropped,timeout
918,0,93,8,94,101,,,103,0,8,10,,,dropped,timeout
919,0,93,9,94,98,102,,,3,19,9,5,4,pending,
920,0,93,10,94,99,,,103,0,10,10,,,dropped,timeout
921,0,93,12,94,101,,,103,2,7,10,,,dropped,timeout
922,0,93,14,94,102,,,103,2,9,10,,,dropped,timeout
923,0,94,1,95,103,,,104,2,11,10,,,dropped,timeout
924,0,94,2,95,103,,,104,2,12,10,,,dropped,timeout
925,0,94,4,95,103,,,104,3,19,10,,,dropped,timeout
926,0,94,6,95,99,,,104,1,1,10,,,dropped,timeout
927,0,94,8,95,103,,,104,3,18,10,,,dropped,timeout
928,0,94,9,95,101,,,104,1,4,10,,,dropped,timeout
929,0,94,17,95,98,,,104,3,12,10,,,dropped,timeout
930,0,94,19,95,95,99,,,0,19,5,1,4,pending,
931,0,95,1,96,96,97,,,2,11,2,1,1,pending,
932,0,95,4,96,96,98,,,2,14,3,1,2,pending,
933,0,95,6,96,96,98,,,2,11,3,1,2,pending,
934,0,95,7,96,100,104,,,4,20,9,5,4,pending,
935,0,95,8,96,104,,,105,2,13,10,,,dropped,timeout
936,0,95,9,96,104,,,105,2,14,10,,,dropped,timeout
937,0,95,10,96,96,98,,,0,10,3,1,2,pending,
938,0,95,12,96,103,,,105,2,7,10,,,dropped,timeout
939,0,95,14,96,103,,,105,1,4,10,,,dropped,timeout
940,0,95,16,96,102,,,105,3,11,10,,,dropped,timeout
941,0,96,5,97,97,98,,,4,20,2,1,1,pending,
942,0,96,6,97,104,,,106,0,6,10,,,dropped,timeout
943,0,96,8,97,105,,,106,3,18,10,,,dropped,timeout
944,0,96,9,97,105,,,106,1,4,10,,,dropped,timeout
945,0,96,12,97,97,98,,,1,2,2,1,1,pending,
946,0,96,13,97,97,98,,,4,20,2,1,1,pending,
947,0,96,14,97,105,,,106,4,20,10,,,dropped,timeout
948,0,96,15,97,99,103,,,4,20,7,3,4,pending,
949,0,96,17,97,97,99,,,3,12,3,1,2,pending,
950,0,97,0,98,103,,,107,0,0,10,,,dropped,timeout
951,0,97,1,98,104,106,,,1,6,9,7,2,pending,
952,0,97,2,98,104,,,107,2,12,10,,,dropped,timeout
953,0,97,6,98,106,,,107,4,20,10,,,dropped,timeout
954,0,97,7,98,103,105,,,0,7,8,6,2,pending,
955,0,97,8,98,106,,,107,2,13,10,,,dropped,timeout
956,0,97,9,98,106,,,107,2,14,10,,,dropped,timeout
957,0,97,11,98,101,103,,,4,20,6,4,2,pending,
958,0,97,13,98,99,105,,,0,13,8,2,6,pending,
959,0,97,16,98,98,99,,,0,16,2,1,1,pending,
960,0,97,17,98,103,,,107,0,17,10,,,dropped,timeout
961,0,97,18,98,98,99,,,2,8,2,1,1,pending,
962,0,98,0,99,107,,,108,2,10,10,,,dropped,timeout
963,0,98,1,99,99,101,,,4,20,3,1,2,pending,
964,0,98,2,99,107,,,108,1,7,10,,,dropped,timeout
965,0,98,4,99,104,,,108,0,4,10,,,dropped,timeout
966,0,98,5,99,101,105,,,1,0,7,3,4,pending,
967,0,98,8,99,107,,,108,1,3,10,,,dropped,timeout
968,0,98,9,99,107,,,108,4,20,10,,,dropped,timeout
969,0,98,11,99,99,101,,,4,20,3,1,2,pending,
970,0,98,14,99,106,,,108,3,19,10,,,dropped,timeout
971,0,98,17,99,100,102,,,3,12,4,2,2,pending,
972,0,98,19,99,99,106,,,1,4,8,1,7,pending,
973,0,99,1,100,106,,,109,0,1,10,,,dropped,timeout
974,0,99,2,100,108,,,109,4,20,10,,,dropped,timeout
975,0,99,4,100,107,,,109,3,19,10,,,dropped,timeout
976,0,99,7,100,100,101,,,4,20,2,1,1,pending,
977,0,99,8,100,100,101,,,3,18,2,1,1,pending,
978,0,99,10,100,103,108,,,3,15,9,4,5,pending,
979,0,99,11,100,103,105,,,0,11,6,4,2,pending,
980,0,99,12,100,105,,,109,1,2,10,,,dropped,timeout
981,0,99,13,100,103,107,,,4,20,8,4,4,pending,
982,0,99,14,100,100,102,,,3,19,3,1,2,pending,
983,0,99,15,100,102,,,109,4,20,10,,,dropped,timeout
984,0,99,16,100,105,,,109,4,20,10,,,dropped,timeout
985,0,99,18,100,100,101,,,3,13,2,1,1,pending,
